title,console,genre,publisher,developer,critic_score,total_sales,na_sales,jp_sales,pal_sales,other_sales,release_date,last_update,cluster
Grand Theft Auto V,PS4,Action,Rockstar Games,Rockstar North,9.7,19.39,6.06,0.6,9.71,3.02,2014-11-18,2018-01-03,2
Call of Duty: Black Ops 3,PS4,Shooter,Activision,Treyarch,8.1,15.09,6.18,0.41,6.05,2.44,2015-11-06,2018-01-14,2
Red Dead Redemption 2,PS4,Action-Adventure,Rockstar Games,Rockstar Games,9.8,13.94,5.26,0.21,6.21,2.26,2018-10-26,2018-11-02,2
Call of Duty: Black Ops II,X360,Shooter,Activision,Treyarch,8.4,13.86,8.27,0.07,4.32,1.2,2012-11-13,2018-04-07,2
Call of Duty: Black Ops II,PS3,Shooter,Activision,Treyarch,8.0,13.8,4.99,0.65,5.88,2.28,2012-11-13,2018-04-07,2
Call of Duty: WWII,PS4,Shooter,Activision,Sledgehammer Games,8.1,13.4,4.67,0.4,6.21,2.12,2017-11-03,2017-12-31,2
FIFA 18,PS4,Sports,EA Sports,EA Vancouver,8.3,11.8,1.27,0.15,8.64,1.73,2017-09-29,2018-04-02,1
FIFA 17,PS4,Sports,Electronic Arts,EA Canada,8.9,10.94,1.26,0.12,7.95,1.61,2016-09-27,2018-03-28,1
Call of Duty: Ghosts,X360,Shooter,Activision,Infinity Ward,6.9,10.41,6.76,0.04,2.64,0.98,2013-11-05,2018-03-21,4
Call of Duty: Ghosts,PS3,Shooter,Activision,Infinity Ward,7.5,10.13,4.11,0.39,4.01,1.62,2013-11-05,2018-03-21,4
Halo: Reach,X360,Shooter,Microsoft Game Studios,Bungie,9.3,9.97,7.08,0.08,2.01,0.8,2010-09-14,2018-10-11,2
The Elder Scrolls V: Skyrim,X360,Role-Playing,Bethesda Softworks,Bethesda Game Studios,9.3,8.88,5.1,0.1,2.83,0.85,2011-11-11,2018-04-01,2
Grand Theft Auto V,XOne,Action,Rockstar Games,Rockstar North,9.0,8.72,4.7,0.01,3.25,0.76,2014-11-18,2018-04-11,2
Call of Duty: Infinite Warfare,PS4,Shooter,Activision,Infinity Ward,7.9,8.48,3.11,0.19,3.83,1.36,2016-11-04,2018-01-14,2
Fallout 4,PS4,Role-Playing,Bethesda Softworks,Bethesda Game Studios,8.6,8.48,2.91,0.27,3.97,1.34,2015-11-10,2018-03-24,2
FIFA 16,PS4,Sports,EA Sports,EA Canada,8.5,8.22,1.15,0.07,5.77,1.23,2015-09-22,2018-04-01,1
Star Wars Battlefront (2015),PS4,Shooter,Electronic Arts,EA DICE,7.1,8.03,3.31,0.23,3.19,1.3,2015-11-17,2018-03-24,4
Call of Duty: Advanced Warfare,PS4,Shooter,Activision,Sledgehammer Games,8.5,7.53,2.84,0.14,3.34,1.22,2014-11-04,2018-01-04,2
Battlefield 1,PS4,Shooter,Electronic Arts,EA DICE,9.1,7.26,2.2,0.29,3.65,1.12,2016-10-21,2018-03-24,2
Assassin's Creed III,PS3,Action-Adventure,Ubisoft,Ubisoft Montreal,8.8,6.5,2.65,0.16,2.61,1.08,2012-10-30,2018-04-12,3
The Elder Scrolls V: Skyrim,PS3,Role-Playing,Bethesda Softworks,Bethesda Game Studios,9.0,6.49,2.57,0.25,2.68,0.99,2011-11-11,2018-04-01,2
Minecraft,PS4,Misc,Sony Computer Entertainment,Mojang,9.4,6.33,1.89,0.35,3.13,0.96,2014-10-07,2018-09-14,2
FIFA 15,PS4,Sports,EA Sports,EA Canada,8.1,6.32,0.83,0.05,4.49,0.94,2014-09-23,2018-03-23,1
Assassin's Creed II,PS3,Action,Ubisoft,Ubisoft Montreal,9.0,5.57,2.54,0.21,1.95,0.86,2009-11-17,2018-01-03,2
Call of Duty: Advanced Warfare,XOne,Shooter,Activision,Sledgehammer Games,8.3,5.22,3.25,0.01,1.49,0.48,2014-11-04,2018-01-01,2
Battlefield 1,XOne,Shooter,Electronic Arts,EA DICE,9.3,5.13,3.37,0.02,1.26,0.48,2016-10-21,2018-03-24,2
Final Fantasy XV,PS4,Role-Playing,Square Enix,Square Enix,8.1,5.07,1.81,1.05,1.53,0.68,2016-11-29,2018-05-04,2
Fallout 4,XOne,Role-Playing,Bethesda Softworks,Bethesda Game Studios,8.4,5.03,2.94,0.02,1.62,0.45,2015-11-10,2018-03-24,2
FIFA 15,PS3,Sports,EA Sports,EA Canada,6.9,4.56,0.59,0.04,3.25,0.68,2014-09-23,2018-03-23,1
Overwatch,PS4,Shooter,Blizzard Entertainment,Blizzard Entertainment,8.8,4.54,1.84,0.17,1.8,0.73,2016-05-24,2018-03-24,2
Call of Duty: Advanced Warfare,X360,Shooter,Activision,High Moon Studios,9.1,4.34,2.81,0.0,1.13,0.41,2014-11-04,2018-01-04,2
Call of Duty: Advanced Warfare,PS3,Shooter,Activision,High Moon Studios,9.1,4.27,1.59,0.2,1.81,0.67,2014-11-04,2018-01-04,2
Call of Duty: Ghosts,PS4,Shooter,Activision,Infinity Ward,7.5,4.17,1.79,0.05,1.64,0.69,2013-11-15,2018-03-21,4
Star Wars Battlefront (2015),XOne,Shooter,Electronic Arts,EA DICE,6.9,4.15,2.49,0.02,1.26,0.38,2015-11-17,2018-03-24,4
Batman: Arkham Knight,PS4,Action,Warner Bros. Interactive,Rocksteady Studios,8.1,4.11,1.65,0.11,1.68,0.66,2015-06-23,2018-01-04,4
The Sims 4,PC,Simulation,Electronic Arts,Maxis,7.0,4.1,1.2,0.0,2.6,0.3,2014-09-02,2017-12-29,4
Far Cry 4,PS4,Shooter,Ubisoft,Ubisoft Montreal,8.4,4.06,1.18,0.11,2.14,0.63,2014-11-18,2018-01-23,2
The Elder Scrolls V: Skyrim,PC,Role-Playing,Bethesda Softworks,Bethesda Game Studios,9.2,3.99,1.18,0.0,2.25,0.56,2011-11-11,2018-04-01,2
NBA 2K16,PS4,Sports,2K Sports,Visual Concepts,8.7,3.98,2.56,0.05,0.66,0.71,2015-09-29,2018-03-28,1
Far Cry 5,PS4,Action,Ubisoft,Ubisoft,7.9,3.95,1.44,0.15,1.73,0.62,2018-03-27,2018-02-28,4
Battlefield 4,PS4,Shooter,Electronic Arts,EA DICE,8.3,3.94,1.4,0.19,1.74,0.62,2013-11-15,2018-01-09,2
Assassin's Creed IV: Black Flag,PS3,Action-Adventure,Ubisoft,Ubisoft Montreal,8.7,3.94,1.34,0.13,1.86,0.62,2013-10-29,2018-03-14,3
Just Dance 2014,Wii,Music,Ubisoft,Ubisoft Paris,7.4,3.89,1.91,0.0,1.66,0.33,2013-10-08,2018-03-08,4
FIFA 17,XOne,Sports,Electronic Arts,EA Canada,8.8,3.71,1.04,0.0,2.4,0.27,2016-09-27,2018-03-28,1
Battlefield 4,PS3,Shooter,Electronic Arts,EA DICE,8.7,3.64,1.31,0.27,1.5,0.55,2013-10-29,2018-01-04,2
Assassin's Creed Syndicate,PS4,Action,Ubisoft,Ubisoft Quebec,8.6,3.6,0.9,0.08,2.06,0.55,2015-10-23,2018-05-04,2
Battlefield 4,X360,Shooter,Electronic Arts,EA DICE,8.7,3.54,2.16,0.02,1.05,0.32,2013-10-29,2018-01-04,2
NBA 2K17,PS4,Sports,2K Sports,Visual Concepts,9.0,3.52,2.28,0.03,0.59,0.63,2016-09-16,2018-03-28,1
Halo: The Master Chief Collection,XOne,Shooter,Microsoft Studios,343 Industries,8.8,3.44,2.06,0.03,1.04,0.31,2014-11-11,2018-03-24,2
Destiny,XOne,Shooter,Activision,Bungie,8.3,3.41,2.17,0.0,0.92,0.32,2014-09-09,2018-01-12,2
The Elder Scrolls V: Skyrim Special Edition,PS4,Role-Playing,Bethesda Softworks,Bethesda Softworks,8.3,3.36,1.24,0.08,1.5,0.54,2016-10-28,2018-04-01,2
Assassin's Creed IV: Black Flag,X360,Action-Adventure,Ubisoft,Ubisoft Montreal,8.5,3.34,1.9,0.01,1.14,0.3,2013-10-29,2018-03-22,3
NBA 2K18,PS4,Sports,2K Sports,Visual Concepts,8.1,3.34,2.13,0.04,0.57,0.59,2017-09-19,2018-04-02,1
Madden NFL 16,PS4,Sports,EA Sports,EA Tiburon,8.2,3.3,2.39,0.0,0.31,0.61,2015-08-25,2018-03-31,1
Madden NFL 17,PS4,Sports,EA Sports,EA Tiburon,8.5,3.28,2.3,0.0,0.37,0.6,2016-08-23,2018-04-01,1
FIFA 16,XOne,Sports,EA Sports,EA Canada,8.5,3.25,0.92,0.0,2.1,0.24,2015-09-22,2018-04-01,1
Assassin's Creed IV: Black Flag,PS4,Action-Adventure,Ubisoft,Ubisoft Montreal,8.3,3.19,1.07,0.06,1.55,0.51,2013-11-15,2018-03-14,3
Assassin's Creed Odyssey,PS4,Action-Adventure,Ubisoft,Ubisoft Quebec,9.5,3.18,1.18,0.09,1.4,0.51,2018-10-05,2018-11-17,3
FIFA 18,XOne,Sports,EA Sports,EA Vancouver,8.0,3.14,0.98,0.0,1.92,0.23,2017-09-29,2018-04-02,1
Tom Clancy's Ghost Recon Wildlands,PS4,Shooter,Ubisoft,Ubisoft Paris,7.0,3.12,1.07,0.22,1.35,0.47,2017-03-07,2018-04-01,4
NBA 2K13,X360,Sports,2K Sports,Visual Concepts,8.6,3.11,2.62,0.01,0.21,0.28,2012-10-02,2018-01-04,1
Saints Row 2,X360,Action,THQ,Volition Inc.,7.9,3.07,1.98,0.02,0.79,0.28,2008-10-14,2018-04-02,4
Call of Duty: Ghosts,XOne,Shooter,Activision,Infinity Ward,7.5,3.07,1.92,0.0,0.86,0.28,2013-11-22,2018-03-21,4
WWE SmackDown! vs. Raw 2006,PS2,Fighting,THQ,Yuke's,8.4,3.0,1.57,0.0,1.02,0.41,2005-11-15,2018-01-04,2
Madden NFL 13,X360,Sports,EA Sports,EA Tiburon,8.0,2.93,2.53,0.0,0.16,0.24,2012-08-28,2018-01-04,1
FIFA 15,X360,Sports,EA Sports,EA Canada,6.9,2.91,0.8,0.0,1.9,0.21,2014-09-23,2018-03-23,1
Mortal Kombat (2011),PS3,Fighting,Warner Bros. Interactive Entertainment,NetherRealm Studios,8.5,2.9,1.98,0.0,0.54,0.38,2011-04-19,2018-01-06,2
Mafia III,PS4,Action-Adventure,2K Games,Hangar 13,6.9,2.87,0.72,0.04,1.67,0.44,2016-10-07,2018-04-02,3
Imagine: Fashion Designer,DS,Simulation,Ubisoft,Virtual Toys / Lexis Numerique,3.0,2.81,1.32,0.0,1.19,0.3,2007-10-23,2018-09-17,0
Need for Speed: Most Wanted (2012),PS3,Racing,Electronic Arts,Criterion Games,8.5,2.74,0.71,0.06,1.52,0.45,2012-10-30,2018-12-19,2
Far Cry: Primal,PS4,Action-Adventure,Ubisoft,Ubisoft Montreal,7.2,2.73,0.63,0.07,1.61,0.41,2016-02-23,2018-04-03,3
Overwatch,XOne,Shooter,Blizzard Entertainment,Blizzard Entertainment,8.7,2.72,1.63,0.0,0.84,0.25,2016-05-24,2018-03-24,2
Need for Speed (2015),PS4,Racing,Electronic Arts,Ghost Games,7.0,2.72,0.59,0.06,1.66,0.41,2015-11-03,2018-04-03,4
Madden NFL 13,PS3,Sports,EA Sports,EA Tiburon,8.3,2.71,2.12,0.0,0.24,0.36,2012-08-28,2018-01-04,1
NBA 2K13,PS3,Sports,2K Sports,Visual Concepts,8.9,2.63,1.74,0.05,0.46,0.39,2012-10-02,2018-01-04,1
Madden NFL 18,PS4,Sports,EA Sports,EA Tiburon,8.2,2.62,1.73,0.0,0.42,0.47,2017-08-25,2018-04-03,1
LittleBigPlanet,PSP,Platform,Sony Computer Entertainment,SCEE Cambridge,8.8,2.61,0.65,0.01,1.27,0.68,2009-11-17,2018-12-03,2
FIFA 16,PS3,Sports,EA Sports,EA Canada,9.0,2.55,0.43,0.05,1.68,0.38,2015-09-22,2018-04-01,1
Tomb Raider (2013),PS3,Action,Square Enix,Crystal Dynamics,8.9,2.51,0.6,0.08,1.45,0.38,2013-03-05,2018-01-06,2
Madden NFL 16,XOne,Sports,EA Sports,EA Tiburon,8.4,2.47,2.13,0.0,0.08,0.26,2015-08-25,2018-03-31,1
LEGO Harry Potter: Years 1-4,Wii,Adventure,Warner Bros. Interactive,Traveller's Tales,7.9,2.45,1.29,0.0,0.94,0.22,2010-06-29,2018-12-01,4
Madden NFL 17,XOne,Sports,EA Sports,EA Tiburon,8.1,2.44,2.14,0.0,0.04,0.26,2016-08-23,2018-04-01,1
Kinect: Disneyland Adventures,X360,Action-Adventure,Microsoft Studios,Frontier Developments,8.5,2.41,1.73,0.02,0.43,0.23,2011-11-15,2018-09-29,3
NBA 2K16,XOne,Sports,2K Sports,Visual Concepts,8.3,2.41,2.01,0.0,0.15,0.25,2015-09-29,2018-03-28,1
Dragon Age: Inquisition,PS4,Role-Playing,Electronic Arts,BioWare Edmonton,8.6,2.34,1.07,0.08,0.8,0.38,2014-11-18,2019-01-05,2
Madden NFL 25,X360,Sports,EA Sports,EA Tiburon,7.8,2.33,2.02,0.0,0.07,0.25,2013-08-27,2018-01-06,1
Assassin's Creed IV: Black Flag,XOne,Action,Ubisoft,Ubisoft Montreal,8.3,2.32,1.51,0.0,0.59,0.22,2013-11-22,2018-03-14,2
LEGO Harry Potter: Years 1-4,DS,Adventure,Warner Bros. Interactive,Traveller's Tales,8.0,2.29,1.07,0.0,1.0,0.22,2010-06-29,2018-12-01,4
No Man's Sky,PS4,Action-Adventure,Hello Games,Hello Games,6.8,2.26,0.89,0.04,0.97,0.37,2016-08-09,2018-04-04,3
FIFA 15,XOne,Sports,EA Sports,EA Canada,7.9,2.19,0.64,0.0,1.39,0.16,2014-09-23,2018-03-23,1
Need for Speed: Payback,PS4,Racing,Electronic Arts,Ghost Games,5.8,2.18,0.62,0.04,1.18,0.34,2017-11-10,2018-04-04,0
Mortal Kombat (2011),X360,Fighting,Warner Bros. Interactive Entertainment,NetherRealm Studios,8.6,2.12,1.64,0.0,0.31,0.17,2011-04-19,2018-01-06,2
Dragon Quest XI: Echoes of an Elusive Age,PS4,Role-Playing,Square Enix,Square Enix,9.5,2.04,0.29,1.43,0.22,0.1,2018-09-04,2018-09-11,2
NBA 2K17,XOne,Sports,2K Sports,Visual Concepts,8.8,2.04,1.7,0.0,0.12,0.21,2016-09-16,2018-03-28,1
Dance Central 2,X360,Music,Microsoft,Harmonix Music Systems,8.6,2.04,1.45,0.01,0.41,0.16,2011-10-25,2018-08-10,2
Madden NFL 25,PS3,Sports,Electronic Arts,EA Tiburon,7.5,2.04,1.62,0.0,0.03,0.38,2013-08-27,2018-01-06,1
NBA 2K18,XOne,Sports,2K Sports,Visual Concepts,7.7,2.02,1.67,0.0,0.14,0.21,2017-09-19,2018-04-02,1
Rocket League,PS4,Sports,505 Games,Psyonix Studios,8.7,2.02,0.37,0.0,1.34,0.31,2016-07-05,2018-04-04,1
Just Cause 3,PS4,Action-Adventure,Square Enix,Avalanche Studios,7.5,1.98,0.53,0.09,1.07,0.3,2015-12-01,2018-04-04,3
The Legend of Zelda: Oracle of Ages,GBC,Adventure,Nintendo,Flagship,9.4,1.92,0.92,0.41,0.53,0.06,2001-05-13,2018-01-06,2
Madden NFL 18,XOne,Sports,EA Sports,EA Tiburon,8.8,1.91,1.63,0.0,0.07,0.2,2017-08-25,2018-04-03,1
Tomb Raider (2013),X360,Action,Square Enix,Crystal Dynamics,8.5,1.9,0.86,0.01,0.87,0.16,2013-03-05,2018-01-06,2
Minecraft,NS,Sandbox,Mojang,4J Studios,9.2,1.89,0.69,0.52,0.56,0.12,2018-06-21,2019-01-26,2
The Legend of Zelda: Oracle of Seasons,GBC,Adventure,Nintendo,Flagship,9.3,1.86,0.87,0.41,0.52,0.06,2001-05-13,2018-01-06,2
The Evil Within,PS4,Action,Bethesda Softworks,Tango Gameworks,7.7,1.86,0.56,0.11,0.9,0.28,2014-10-14,2018-03-13,4
Forza Horizon 4,XOne,Racing,Microsoft Studios,Playground Games,9.2,1.84,0.74,0.01,0.95,0.15,2018-10-02,2018-10-01,2
The Elder Scrolls V: Skyrim Special Edition,XOne,Role-Playing,Bethesda Softworks,Bethesda Softworks,8.1,1.83,1.13,0.0,0.53,0.17,2016-10-28,2018-04-01,2
BioShock Infinite,PS3,Shooter,2K Games,Irrational Games,9.5,1.82,0.74,0.04,0.74,0.3,2013-03-26,2018-01-09,2
Far Cry 5,XOne,Action,Ubisoft,Ubisoft Montreal,7.2,1.78,1.14,0.0,0.47,0.17,2018-03-27,2018-02-28,4
Titanfall 2,PS4,Shooter,Electronic Arts,Respawn Entertainment,8.9,1.72,0.75,0.06,0.62,0.28,2016-10-28,2018-06-29,2
Call of Duty Black Ops: Declassified,PSV,Shooter,Activision,Nihilistic,3.2,1.71,0.74,0.07,0.52,0.38,2012-11-13,2018-09-24,0
Far Cry 4,XOne,Shooter,Ubisoft,Ubisoft Montreal,8.5,1.68,0.85,0.02,0.68,0.14,2014-11-18,2018-01-23,2
Saints Row 2,PS3,Action,THQ,Volition Inc.,7.9,1.68,0.88,0.02,0.54,0.24,2008-10-14,2018-04-02,4
Army of Two,X360,Shooter,Electronic Arts,EA Montreal,6.7,1.64,1.09,0.02,0.37,0.16,2008-03-07,2018-02-03,4
Ape Escape,PS,Platform,Sony Computer Entertainment,SCE Japan Studio,9.3,1.63,0.71,0.32,0.48,0.11,1999-05-31,2018-09-16,2
The Order: 1886,PS4,Shooter,Sony Computer Entertainment,Ready at Dawn,6.2,1.62,0.44,0.07,0.86,0.25,2015-02-20,2018-01-02,4
Tom Clancy's Ghost Recon Wildlands,XOne,Shooter,Ubisoft,Ubisoft Paris,7.7,1.61,0.98,0.0,0.48,0.15,2017-03-07,2018-04-01,4
LEGO Harry Potter: Years 1-4,X360,Adventure,Warner Bros. Interactive,Traveller's Tales,7.9,1.59,0.95,0.0,0.5,0.14,2010-06-29,2018-12-01,4
FIFA 16,X360,Sports,EA Sports,EA Canada,9.0,1.59,0.59,0.0,0.88,0.12,2015-09-22,2018-04-01,1
Need for Speed: Most Wanted (2012),X360,Racing,Electronic Arts,Criterion Games,8.5,1.54,0.62,0.01,0.79,0.12,2012-10-30,2018-12-19,2
Forza Motorsport 7,XOne,Racing,Microsoft Studios,Turn 10 Studios,8.9,1.52,0.58,0.01,0.81,0.12,2017-10-03,2018-01-12,2
Metal Gear Rising: Revengeance,PS3,Action,Konami Digital Entertainment,PlatinumGames,9.0,1.5,0.47,0.44,0.41,0.18,2013-02-19,2018-01-12,2
Minecraft,WiiU,Misc,Mojang,4J Studios,5.5,1.47,0.5,0.38,0.49,0.09,2016-06-17,2018-08-05,0
Rocket League,XOne,Sports,505 Games,Psyonix Studios,8.0,1.38,0.52,0.0,0.75,0.11,2016-07-05,2018-04-04,1
LEGO Harry Potter: Years 1-4,PS3,Adventure,Warner Bros. Interactive,Traveller's Tales,7.9,1.37,0.55,0.0,0.61,0.21,2010-06-29,2018-12-01,4
Wolfenstein II: The New Colossus,PS4,Shooter,Bethesda Softworks,MachineGames,9.0,1.36,0.55,0.01,0.58,0.22,2017-10-27,2018-05-10,2
Fallout 76,PS4,Role-Playing,Bethesda Softworks,Bethesda Game Studios,5.1,1.32,0.52,0.1,0.49,0.2,2018-11-14,2018-12-02,0
The Last Guardian,PS4,Action-Adventure,Sony Interactive Entertainment,SIE Japan Studio,7.9,1.29,0.4,0.13,0.58,0.19,2016-12-06,2018-04-04,3
WWE '12,X360,Fighting,THQ,"Yuke's Co., Ltd.",7.5,1.27,0.74,0.0,0.4,0.12,2011-11-22,2019-01-29,4
Metal Gear Solid V: Ground Zeroes,PS4,Action-Adventure,Konami Digital Entertainment,Kojima Productions,7.6,1.2,0.36,0.17,0.5,0.17,2014-03-18,2018-03-22,3
WWE 2K14,PS3,Fighting,2K Sports,Yuke's,7.6,1.2,0.49,0.0,0.51,0.2,2013-10-29,2018-10-08,4
Shadow of the Colossus,PS4,Action-Adventure,Sony Interactive Entertainment,Bluepoint Games,9.3,1.2,0.44,0.05,0.52,0.19,2018-02-06,2018-11-26,2
WWE '12,PS3,Fighting,THQ,"Yuke's Co., Ltd.",9.0,1.18,0.53,0.02,0.45,0.17,2011-11-22,2019-01-29,2
Army of Two,PS3,Shooter,Electronic Arts,EA Montreal,7.4,1.17,0.74,0.02,0.26,0.15,2008-03-07,2018-02-03,4
Mirror's Edge,X360,Platform,Electronic Arts,EA Digital Illusions CE,7.6,1.16,0.51,0.01,0.51,0.12,2008-11-11,2019-03-25,4
Sunset Overdrive,XOne,Action,Microsoft Studios,Insomniac Games,8.0,1.16,0.64,0.0,0.42,0.1,2014-10-28,2018-01-06,4
The Elder Scrolls V: Skyrim,NS,Role-Playing,Bethesda Softworks,Bethesda Softworks,8.6,1.15,0.67,0.06,0.32,0.1,2017-11-17,2018-01-01,2
Dragon Quest VIII: Journey of the Cursed King,3DS,Role-Playing,Nintendo,Level 5 / Armor Project,8.8,1.15,0.14,0.88,0.11,0.02,2017-01-20,2018-01-07,2
NCAA Football 14,X360,Sports,EA Sports,EA Tiburon,7.6,1.13,1.01,0.0,0.0,0.12,2013-07-09,2018-01-31,1
Plants vs Zombies: Garden Warfare,X360,Shooter,Electronic Arts,PopCap Games,8.0,1.13,0.54,0.0,0.5,0.09,2014-02-25,2018-02-05,2
Mirror's Edge,PS3,Platform,Electronic Arts,EA Digital Illusions CE,7.7,1.13,0.31,0.02,0.59,0.21,2008-11-11,2019-03-25,4
WWE 2K14,X360,Fighting,2K Sports,Yuke's,7.6,1.12,0.64,0.0,0.38,0.1,2013-10-29,2018-10-08,4
Need for Speed: Most Wanted (2012),PSV,Racing,Electronic Arts,Criterion Games,7.4,1.12,0.33,0.01,0.53,0.25,2012-10-30,2018-12-19,4
Mafia III,XOne,Action-Adventure,2K Games,Hangar 13,6.8,1.11,0.54,0.0,0.48,0.09,2016-10-07,2018-04-02,3
NCAA Football 13,X360,Sports,EA Sports,EA Tiburon,7.5,1.11,1.02,0.0,0.0,0.09,2012-07-10,2018-02-06,1
Crash Bandicoot N. Sane Trilogy,NS,Platform,Activision,Toys for Bob,6.0,1.11,0.44,0.02,0.57,0.09,2018-06-29,2018-11-07,0
FIFA 18,NS,Sports,EA Sports,EA Vancouver,5.8,1.1,0.35,0.13,0.55,0.07,2017-09-29,2018-04-02,0
Pro Evolution Soccer 2014,PS3,Sports,Konami Digital Entertainment,Konami,8.3,1.08,0.03,0.51,0.46,0.08,2013-09-24,2018-03-01,1
Rocksmith 2014,PS3,Music,Ubisoft,Ubisoft San Francisco,9.1,1.05,0.56,0.05,0.26,0.17,2013-10-22,2018-03-08,2
Sleeping Dogs,PS3,Action-Adventure,Square Enix,United Front Games,8.1,1.04,0.31,0.05,0.5,0.17,2012-08-14,2018-03-07,3
WipEout Pure,PSP,Racing,Sony Computer Entertainment,Studio Liverpool,9.1,1.04,0.47,0.0,0.34,0.23,2005-03-16,2018-09-16,2
Just Dance 2014,X360,Music,Ubisoft,Ubisoft Paris,7.6,1.03,0.75,0.0,0.18,0.1,2013-10-08,2018-03-08,4
Just Cause 3,XOne,Action-Adventure,Square Enix,Avalanche Studios,7.0,1.01,0.52,0.0,0.41,0.09,2015-12-01,2018-04-04,3
Madden NFL 16,X360,Sports,EA Sports,EA Tiburon,8.0,1.01,0.88,0.0,0.02,0.11,2015-08-25,2018-03-31,1
F1 2012,PS3,Racing,Codemasters,Codemasters Birmingham,7.9,1.01,0.12,0.05,0.65,0.18,2012-09-18,2018-03-08,4
Far Cry: Primal,XOne,Action-Adventure,Ubisoft,Ubisoft Montreal,7.8,1.0,0.51,0.0,0.41,0.09,2016-02-23,2018-04-03,3
Tom Clancy's Splinter Cell: Blacklist,X360,Action-Adventure,Ubisoft,Ubisoft Toronto,8.4,1.0,0.57,0.01,0.33,0.09,2013-08-20,2018-03-08,3
Rocksmith 2014,X360,Music,Ubisoft,Ubisoft San Francisco,8.4,0.99,0.73,0.0,0.16,0.1,2013-10-22,2018-03-08,2
Tom Clancy's Splinter Cell: Blacklist,PS3,Action-Adventure,Ubisoft,Ubisoft Toronto,8.3,0.98,0.34,0.06,0.44,0.15,2013-08-20,2018-03-08,3
Sniper Elite V2,PS3,Shooter,505 Games,Rebellion Developments,7.4,0.98,0.38,0.06,0.4,0.15,2012-05-02,2018-03-13,4
Fire Emblem: The Blazing Blade,GBA,Strategy,Nintendo,Intelligent Systems,8.8,0.97,0.49,0.29,0.18,0.01,2003-11-03,2021-07-23,2
Sea of Thieves,XOne,Action-Adventure,Microsoft Studios,Rare Ltd.,6.9,0.96,0.6,0.0,0.27,0.09,2018-03-20,2018-09-25,3
Madden NFL 25,PS4,Sports,EA Sports,EA Tiburon,7.4,0.96,0.64,0.0,0.15,0.17,2013-11-15,2018-01-06,1
Harvest Moon 3D: A New Beginning,3DS,Simulation,Natsume,Marvelous,8.2,0.95,0.41,0.31,0.18,0.06,2012-11-06,2018-01-07,2
NCAA Football 13,PS3,Sports,EA Sports,EA Tiburon,7.1,0.93,0.82,0.0,0.0,0.11,2012-07-10,2018-02-06,1
Fallout 76,XOne,Role-Playing,Bethesda Softworks,Bethesda Game Studios,5.1,0.93,0.59,0.0,0.26,0.09,2018-11-14,2018-11-02,0
Monster Hunter: World,XOne,Action,Capcom,Capcom,9.4,0.93,0.67,0.0,0.17,0.09,2018-01-26,2018-01-30,2
Killzone: Mercenary,PSV,Misc,Sony Computer Entertainment America,Guerrilla Games,7.4,0.92,0.2,0.04,0.47,0.2,2013-09-10,2018-01-03,4
NCAA Football 14,PS3,Sports,EA Sports,EA Tiburon,7.7,0.92,0.75,0.0,0.0,0.17,2013-07-09,2018-01-31,1
Crysis 3,X360,Shooter,Electronic Arts,Crytek,7.6,0.92,0.51,0.01,0.32,0.08,2013-02-19,2018-02-07,4
Overwatch,PC,Shooter,Blizzard Entertainment,Blizzard Entertainment,9.5,0.92,0.37,0.0,0.48,0.07,2016-05-24,2018-03-24,2
Assassin's Creed,PC,Adventure,Ubisoft,Ubisoft Montreal,7.6,0.91,0.01,0.0,0.84,0.06,2008-04-08,2018-11-23,4
Crysis 3,PS3,Shooter,Electronic Arts,Crytek,8.2,0.91,0.26,0.03,0.48,0.14,2013-02-19,2018-03-13,2
Final Fantasy X / X-2 HD Remaster,PS4,Role-Playing,Square Enix,Square Enix,9.3,0.9,0.34,0.07,0.36,0.14,2015-05-12,2019-03-22,2
Ni no Kuni II: Revenant Kingdom,PS4,Role-Playing,Namco Bandai Games,Level 5,8.7,0.89,0.33,0.12,0.31,0.13,2018-03-23,2018-02-28,2
Assassin's Creed III,PC,Action-Adventure,Ubisoft,Ubisoft Montreal,8.6,0.89,0.28,0.0,0.54,0.07,2012-11-20,2018-04-12,3
Mario Party: Star Rush,3DS,Party,Nintendo,"Nd Cube Co., Ltd.",6.2,0.87,0.25,0.2,0.37,0.05,2016-11-04,2018-11-19,4
Sleeping Dogs,X360,Action-Adventure,Square Enix,United Front Games,7.9,0.87,0.38,0.01,0.4,0.08,2012-08-14,2018-03-07,3
Paper Mario: Color Splash,WiiU,Action-Adventure,Nintendo,Intelligent Systems,7.4,0.87,0.35,0.08,0.37,0.06,2016-10-07,2018-03-31,3
Super Bomberman R,NS,Puzzle,Konami Digital Entertainment,HexaDrive,6.3,0.87,0.31,0.19,0.32,0.06,2017-03-03,2018-03-24,4
Wii Fit U,WiiU,Misc,Nintendo,Nintendo,7.2,0.86,0.35,0.21,0.24,0.06,2014-01-10,2018-01-27,4
Darksiders II,PS3,Action-Adventure,THQ,Vigil Games,8.3,0.85,0.35,0.01,0.37,0.13,2012-08-14,2018-03-14,3
ZombiU,WiiU,Action,Ubisoft,Ubisoft Montpellier,6.9,0.84,0.35,0.05,0.37,0.07,2012-11-18,2020-08-02,4
Xenoblade Chronicles X,WiiU,Role-Playing,Nintendo,Monolith Soft,8.1,0.84,0.34,0.15,0.29,0.06,2015-12-04,2018-01-06,2
MLB 13: The Show,PS3,Sports,Sony Computer Entertainment America,SCE San Diego Studio,8.5,0.84,0.68,0.0,0.0,0.16,2013-03-05,2018-03-14,1
Sniper Elite V2,X360,Shooter,505 Games,Rebellion Developments,7.0,0.84,0.46,0.02,0.28,0.08,2012-05-01,2018-03-13,4
Madden NFL 25,XOne,Sports,EA Sports,EA Tiburon,7.1,0.83,0.69,0.0,0.06,0.09,2013-11-22,2018-01-06,1
Twisted Metal (2012),PS3,Action,Sony Computer Entertainment,Eat Sleep Play,7.9,0.83,0.67,0.0,0.07,0.09,2012-02-14,2018-03-14,4
The Crew 2,PS4,Racing,Ubisoft,Ivory Tower,6.5,0.82,0.22,0.05,0.42,0.12,2018-06-29,2018-07-19,4
The Walking Dead: A Telltale Games Series,PS3,Adventure,Telltale Games,Telltale Games,9.7,0.82,0.4,0.03,0.25,0.14,2012-11-20,2018-05-10,2
Professor Layton vs Ace Attorney,3DS,Adventure,Nintendo,Level 5,8.1,0.82,0.2,0.3,0.27,0.04,2014-08-29,2018-01-07,4
Madden NFL 16,PS3,Sports,EA Sports,EA Tiburon,8.0,0.81,0.6,0.0,0.07,0.15,2015-08-25,2018-03-31,1
Professor Layton and the Azran Legacy,3DS,Puzzle,Nintendo,Level 5,8.0,0.81,0.0,0.25,0.53,0.03,2014-02-28,2018-01-07,4
The Amazing Spider-Man (2012),PS3,Action-Adventure,Activision,Beenox,7.3,0.8,0.31,0.0,0.36,0.12,2012-06-26,2018-03-15,3
Mario & Sonic at the Sochi 2014 Olympic Winter Games,WiiU,Sports,Nintendo,Sega Sports R&D,5.9,0.8,0.37,0.14,0.23,0.06,2013-11-15,2018-01-31,0
Darksiders II,X360,Action-Adventure,THQ,Vigil Games,8.6,0.79,0.45,0.0,0.27,0.07,2012-08-14,2018-02-07,3
Dead Island: Riptide,X360,Misc,Deep Silver,Techland,5.6,0.79,0.44,0.01,0.27,0.07,2013-04-23,2018-03-15,0
F1 2016,PS4,Racing,Codemasters,Codemasters,8.0,0.78,0.07,0.03,0.56,0.11,2017-01-01,2018-05-14,2
Just Dance 2018,NS,Music,Ubisoft,Ubisoft Paris,8.0,0.76,0.3,0.0,0.4,0.06,2017-10-24,2018-04-06,4
Resident Evil: Revelations,PS3,Action,Capcom,Capcom,7.6,0.76,0.14,0.22,0.32,0.09,2013-05-21,2018-03-16,4
PokéPark 2: Wonders Beyond,Wii,Action-Adventure,Nintendo,Creatures Inc.,6.5,0.76,0.26,0.27,0.19,0.04,2012-02-27,2018-03-16,3
LEGO City Undercover,PS4,Platform,Warner Bros. Interactive Entertainment,TT Fusion,8.0,0.75,0.17,0.01,0.46,0.12,2017-04-04,2018-05-24,4
FIFA 19,NS,Sports,Electronic Arts,EA Sports,5.9,0.75,0.18,0.06,0.47,0.05,2018-09-28,2018-09-12,0
Disney Infinity 2.0: Marvel Super Heroes,PS4,Action-Adventure,Disney Interactive Studios,Avalanche Software,8.0,0.75,0.37,0.0,0.25,0.13,2014-09-23,2018-02-06,3
The Amazing Spider-Man (2012),X360,Action-Adventure,Activision,Beenox,6.8,0.74,0.43,0.0,0.24,0.07,2012-06-26,2018-03-15,3
Need for Speed (2015),XOne,Racing,Electronic Arts,Ghost Games,6.7,0.74,0.35,0.0,0.33,0.06,2015-11-03,2018-04-03,4
Sonic Forces,NS,Platform,Sega,Sonic Team,5.4,0.74,0.39,0.01,0.27,0.06,2017-11-07,2018-02-11,0
Need for Speed: Payback,XOne,Racing,Electronic Arts,Ghost Games,5.9,0.73,0.42,0.0,0.24,0.07,2017-11-10,2018-04-04,0
MLB 14 The Show,PS4,Sports,Sony Computer Entertainment,SCE San Diego Studio,8.3,0.73,0.59,0.0,0.0,0.14,2014-05-06,2018-03-16,1
MLB 09: The Show,PS3,Sports,Sony Computer Entertainment,SCE San Diego Studio,8.9,0.72,0.66,0.0,0.0,0.06,2009-03-03,2018-12-04,1
Monster Hunter Generations Ultimate,NS,Action,Capcom,Capcom,7.7,0.72,0.27,0.27,0.14,0.04,2018-08-28,2018-08-30,4
XCOM: Enemy Unknown,PC,Strategy,2K Games,Firaxis Games,9.0,0.72,0.28,0.0,0.37,0.07,2012-10-09,2018-03-22,2
Mortal Kombat (2011),PSV,Fighting,Warner Bros. Interactive Entertainment,NetherRealm Studios,8.8,0.71,0.42,0.0,0.15,0.15,2012-05-02,2018-01-06,2
The LEGO Movie Videogame,PS4,Action-Adventure,Warner Bros. Interactive Entertainment,TT Fusion,6.0,0.71,0.26,0.01,0.32,0.11,2014-02-07,2018-03-20,0
Astro Bot Rescue Mission,PS4,Platform,Sony Interactive Entertainment,SIE Japan Studio,8.5,0.71,0.22,0.02,0.36,0.11,2018-10-02,2018-09-17,2
Catherine,PS3,Puzzle,Atlus,Atlus,7.9,0.71,0.3,0.2,0.15,0.06,2011-07-26,2018-09-12,4
Conker: Live And Reloaded,XB,Action-Adventure,Microsoft Game Studios,Rare Ltd.,8.1,0.71,0.49,0.0,0.2,0.02,2005-06-21,2018-09-25,3
Plants vs Zombies: Garden Warfare,XOne,Shooter,Electronic Arts,PopCap Games,7.6,0.71,0.39,0.0,0.25,0.06,2014-02-25,2018-02-05,4
LEGO Harry Potter: Years 1-4,PSP,Adventure,Warner Bros. Interactive,Traveller's Tales,7.5,0.71,0.14,0.0,0.38,0.19,2010-06-29,2018-12-01,4
Monster Hunter 3 Ultimate,WiiU,Role-Playing,Capcom,Capcom,8.7,0.71,0.24,0.22,0.2,0.04,2013-03-19,2018-01-29,2
Rocksmith 2014,PC,Music,Ubisoft,Ubisoft San Francisco,9.0,0.7,0.39,0.0,0.24,0.06,2016-10-04,2018-03-08,2
Monster Hunter Stories,3DS,Role-Playing,Capcom,Marvelous,8.1,0.7,0.14,0.39,0.15,0.03,2017-09-08,2018-05-23,2
Jade Empire,XB,Role-Playing,Microsoft Game Studios,BioWare Corp.,9.0,0.7,0.48,0.0,0.19,0.03,2005-04-12,2018-09-25,2
Rayman Legends,NS,Platform,Ubisoft,Ubisoft Montpellier,4.5,0.69,0.23,0.0,0.4,0.05,2017-09-12,2019-01-02,0
Kirby's Dream Collection: Special Edition,Wii,Platform,Nintendo,HAL Laboratory,8.0,0.69,0.33,0.33,0.0,0.03,2012-09-16,2018-03-20,4
The Sly Collection,PS3,Platform,Sony Computer Entertainment,Sanzaru Games,8.7,0.69,0.52,0.01,0.08,0.08,2010-11-09,2018-04-12,2
Mario Party: The Top 100,3DS,Party,Nintendo,"Nd Cube Co., Ltd.",5.0,0.69,0.23,0.24,0.17,0.04,2017-11-10,2020-08-04,0
Fortnite,NS,Shooter,Warner Bros. Interactive Entertainment,Epic Games,8.5,0.69,0.38,0.01,0.24,0.06,2018-11-16,2018-06-18,2
Halo 2 Multiplayer Map Pack,XB,Shooter,Microsoft Game Studios,Bungie Studios,8.6,0.69,0.54,0.0,0.13,0.02,2005-07-05,2018-10-11,2
The Evil Within,XOne,Misc,Bethesda Softworks,Tango Gameworks,7.9,0.69,0.36,0.0,0.27,0.06,2014-10-14,2018-03-13,4
NHL 13,X360,Sports,Electronic Arts,EA Canada,8.2,0.68,0.51,0.0,0.11,0.06,2012-09-11,2018-03-21,1
F1 2015,PS4,Racing,Codemasters,Codemasters Birmingham,5.9,0.68,0.1,0.04,0.45,0.1,2015-07-21,2018-05-23,0
Rayman Legends,WiiU,Platform,Ubisoft,Ubisoft Montpellier,9.5,0.68,0.25,0.03,0.35,0.05,2013-09-03,2019-01-02,2
Diablo III: Eternal Collection,NS,Action,Blizzard Entertainment,Blizzard Entertainment,9.0,0.67,0.38,0.01,0.22,0.06,2018-11-02,2018-09-13,2
Call of Duty: Ghosts,PC,Shooter,Activision,Infinity Ward,8.8,0.67,0.26,0.0,0.36,0.05,2013-11-05,2018-03-21,2
Disney Infinity,WiiU,Action-Adventure,Disney Interactive Studios,Avalanche Software,7.6,0.67,0.37,0.0,0.24,0.06,2013-08-18,2018-01-30,3
Book of Spells,PS3,Misc,Sony Computer Entertainment,SCEE London Studio,6.5,0.66,0.16,0.0,0.4,0.11,2012-11-13,2018-12-03,4
Fist of the North Star: Ken's Rage,PS3,Action,Tecmo Koei,Tecmo Koei Games,4.8,0.66,0.06,0.55,0.03,0.01,2010-11-02,2018-07-30,0
2014 FIFA World Cup Brazil,PS3,Sports,EA Sports,EA Canada,7.9,0.66,0.15,0.01,0.4,0.1,2014-04-15,2018-03-22,1
NHL 13,PS3,Sports,Electronic Arts,EA Canada,8.3,0.66,0.33,0.0,0.23,0.1,2012-09-11,2018-03-21,1
LEGO City Undercover,NS,Platform,Warner Bros. Interactive Entertainment,TT Fusion,8.0,0.65,0.23,0.03,0.33,0.05,2017-04-04,2018-02-24,4
Far Cry 4,PC,Shooter,Ubisoft,Ubisoft Montreal,8.5,0.65,0.19,0.0,0.41,0.05,2014-11-18,2018-01-23,2
Dead or Alive 5,PS3,Fighting,Tecmo Koei,Team Ninja,7.6,0.65,0.23,0.21,0.15,0.07,2015-02-17,2018-01-23,4
Just Dance 2014,WiiU,Music,Ubisoft,Ubisoft Paris,7.5,0.64,0.34,0.0,0.25,0.06,2013-10-08,2018-03-08,4
Dead Island: Riptide,PS3,Action,Deep Silver,Techland,6.6,0.64,0.26,0.07,0.21,0.1,2013-04-23,2018-03-15,4
LEGO The Incredibles,NS,Action,Warner Bros. Interactive Entertainment,Traveller's Tales,6.5,0.63,0.35,0.01,0.21,0.06,2018-06-15,2018-11-06,4
Shin Megami Tensei: Persona 3 FES,PS2,Role-Playing,Atlus,Atlus,8.7,0.63,0.22,0.16,0.2,0.05,2008-04-22,2018-01-11,2
XCOM: Enemy Unknown,X360,Sports,2K Games,Firaxis Games,8.8,0.63,0.36,0.0,0.22,0.06,2012-10-09,2018-03-22,1
Assassin's Creed IV: Black Flag,PC,Action-Adventure,Ubisoft,Ubisoft Montreal,8.5,0.63,0.24,0.0,0.34,0.05,2013-11-19,2018-03-14,3
Ape Escape 2,PS2,Platform,Ubisoft,SCE Japan Studio,8.0,0.63,0.12,0.38,0.09,0.03,2003-06-30,2018-09-16,4
LEGO Pirates of the Caribbean: The Video Game,3DS,Action,Disney Interactive Studios,TT Fusion,7.0,0.63,0.29,0.0,0.28,0.06,2011-05-10,2018-01-08,4
F1 2017,PS4,Racing,Deep Silver,Codemasters,8.0,0.62,0.04,0.02,0.47,0.09,2017-08-25,2018-05-23,2
World of Final Fantasy,PS4,Role-Playing,Square Enix,Square Enix,6.7,0.62,0.24,0.09,0.21,0.09,2016-10-25,2018-05-23,4
Final Fantasy Explorers,3DS,Role-Playing,Square Enix,Square Enix,7.3,0.59,0.17,0.29,0.1,0.03,2016-01-26,2018-01-08,4
XCOM: Enemy Unknown,PS3,Strategy,2K Games,Firaxis Games,9.1,0.59,0.25,0.0,0.24,0.1,2012-10-09,2018-03-22,2
Metal Gear Solid V: Ground Zeroes,PS3,Action-Adventure,Konami Digital Entertainment,Kojima Productions,8.5,0.59,0.13,0.28,0.13,0.05,2014-03-18,2018-03-22,3
Skylanders: SuperChargers,WiiU,Action-Adventure,Activision,Vicarious Visions,8.0,0.59,0.32,0.0,0.22,0.05,2015-09-20,2018-04-06,3
Disney Magic World 2,3DS,Simulation,Nintendo,High Horse Entertainment,7.5,0.58,0.07,0.23,0.25,0.02,2016-10-14,2018-01-08,4
Call of Duty: Modern Warfare Remastered,PS4,Shooter,Activision,Infinity Ward,7.9,0.58,0.17,0.03,0.3,0.09,2017-06-27,2018-01-14,2
F1 2013,PS3,Racing,Codemasters,Codemasters Birmingham,7.7,0.58,0.01,0.03,0.47,0.08,2013-10-08,2018-05-24,4
LEGO Worlds,NS,Misc,Warner Bros. Interactive Entertainment,Traveller's Tales,5.0,0.58,0.21,0.0,0.33,0.04,2017-09-05,2018-02-25,0
Kirby and the Rainbow Curse,WiiU,Platform,Nintendo,HAL Laboratory,8.2,0.58,0.26,0.13,0.14,0.04,2015-02-20,2018-03-20,4
StarCraft II: Legacy of the Void,PC,Strategy,Blizzard Entertainment,Blizzard Entertainment,8.8,0.57,0.23,0.0,0.3,0.05,2015-11-10,2018-06-25,2
Starlink: Battle for Atlas,NS,Action-Adventure,Ubisoft,Ubisoft Toronto,7.5,0.57,0.35,0.0,0.17,0.05,2018-10-16,2019-03-22,3
Ultra Street Fighter II: The Final Challengers,NS,Fighting,Capcom,Capcom,7.0,0.57,0.22,0.09,0.22,0.04,2017-05-26,2018-01-04,4
Xenoblade Chronicles,3DS,Role-Playing,Nintendo,Monolith Soft,8.6,0.56,0.24,0.13,0.15,0.04,2015-04-10,2018-01-15,2
Everybody's Golf,PS4,Sports,Sony Interactive Entertainment,Clap Hanz,8.1,0.56,0.12,0.17,0.22,0.06,2017-08-29,2018-09-23,1
Metroid: Samus Returns,3DS,Action-Adventure,Nintendo,Mercury Steam,9.1,0.56,0.3,0.07,0.15,0.05,2017-09-15,2018-09-21,3
Odin Sphere,PS2,Role-Playing,Atlus,Vanillaware,8.0,0.56,0.23,0.09,0.18,0.06,2007-05-22,2019-01-10,2
WWF Raw (2002),XB,Fighting,THQ,Anchor,6.5,0.55,0.4,0.0,0.13,0.02,2002-02-11,2018-01-06,4
Poochy & Yoshi's Woolly World,3DS,Platform,Nintendo,Good-Feel,7.5,0.55,0.2,0.17,0.16,0.03,2017-02-03,2018-01-07,4
Just Dance 2015,XOne,Music,Ubisoft,Ubisoft Paris,8.1,0.54,0.36,0.0,0.13,0.05,2014-10-21,2018-04-03,2
Dragon Ball: Fusions,3DS,Role-Playing,Namco Bandai Games,Ganbarion,6.3,0.54,0.17,0.24,0.09,0.03,2016-11-22,2018-01-14,4
Mario Tennis Ultra Smash,WiiU,Sports,Nintendo,Camelot Software Planning,6.1,0.54,0.16,0.15,0.2,0.03,2015-11-20,2018-03-21,0
ModNation Racers,PSP,Racing,Sony Computer Entertainment,SCE San Diego Studio,7.7,0.54,0.11,0.02,0.27,0.14,2010-05-25,2018-02-03,4
Sonic & Sega All-Stars Racing Transformed,WiiU,Racing,Sega,Sumo Digital,6.9,0.53,0.19,0.02,0.28,0.04,2012-11-18,2020-09-14,4
F1 2018,PS4,Racing,Codemasters,Codemasters Birmingham,8.9,0.53,0.05,0.01,0.39,0.08,2018-08-24,2018-09-26,2
LEGO The Incredibles,PS4,Action,Warner Bros. Interactive Entertainment,Traveller's Tales,6.5,0.53,0.18,0.0,0.27,0.09,2018-06-15,2018-11-06,4
Sesame Street: Once Upon A Monster,X360,Education,Warner Bros. Interactive,Double Fine Productions,8.0,0.52,0.39,0.0,0.09,0.04,2011-10-11,2022-07-10,4
DiRT Rally,PS4,Racing,Codemasters,Codemasters,8.3,0.51,0.13,0.0,0.3,0.08,2016-04-05,2018-01-17,2
Fire Emblem Warriors,NS,Action,Nintendo,Omega Force,7.3,0.51,0.22,0.1,0.14,0.04,2017-10-20,2020-08-03,4
Halo Wars 2,XOne,Strategy,Microsoft Studios,Creative Assembly,7.0,0.51,0.31,0.0,0.15,0.05,2017-02-21,2018-02-24,4
DC Universe Online,PS3,MMO,Sony Online Entertainment,WBIE,6.5,0.51,0.35,0.0,0.11,0.06,2011-01-11,2018-09-15,4
Pokémon Art Academy,3DS,Misc,Nintendo,Headstrong Games,7.8,0.5,0.18,0.17,0.12,0.03,2014-10-24,2018-08-03,4
Epic Mickey: Power of Illusion,3DS,Platform,Disney Interactive Studios,DreamRift,6.6,0.5,0.36,0.04,0.05,0.04,2012-11-18,2018-01-09,4
Hometown Story,3DS,Simulation,Natsume,Toy Box,5.5,0.5,0.29,0.04,0.13,0.04,2013-10-22,2018-01-14,0
Animal Crossing: Amiibo Festival,WiiU,Party,Nintendo,"Nd Cube Co., Ltd.",4.8,0.49,0.23,0.1,0.12,0.04,2015-11-13,2018-02-08,0
F1 2012,X360,Racing,Codemasters,Codemasters Birmingham,8.5,0.49,0.1,0.0,0.34,0.05,2012-09-18,2018-03-11,2
DiRT 4,PS4,Racing,Deep Silver,Codemasters,8.6,0.49,0.1,0.02,0.3,0.07,2017-06-06,2018-11-23,2
Story of Seasons: Trio of Towns,3DS,Simulation,Marvelous Interactive,Marvelous Entertainment,7.9,0.49,0.19,0.22,0.06,0.03,2017-02-28,2018-05-29,4
FIFA 13,WiiU,Sports,EA Sports,EA Canada,7.0,0.49,0.18,0.0,0.28,0.04,2012-11-18,2018-04-06,1
Mario Golf: World Tour,3DS,Sports,Nintendo,Camelot Software Planning,8.1,0.49,0.14,0.18,0.15,0.03,2014-05-02,2018-01-09,1
Star Wars Battlefront (2015),PC,Shooter,Electronic Arts,EA DICE,7.5,0.49,0.13,0.0,0.33,0.04,2015-11-17,2018-03-24,4
Sonic Lost World,3DS,Platform,Sega,Dimps Corporation,5.2,0.48,0.22,0.07,0.15,0.04,2013-10-29,2018-04-07,0
A Way Out,PS4,Action,Electronic Arts,Hazelight,7.5,0.48,0.23,0.0,0.16,0.08,2018-03-23,2018-03-24,4
Shadowrun (2007),X360,Shooter,Microsoft Game Studios,FASA Studio,6.3,0.47,0.41,0.0,0.02,0.04,2007-05-29,2018-11-02,4
Sonic Mania,NS,Platform,Sega,PagodaWest Games,8.8,0.47,0.23,0.01,0.18,0.04,2017-08-15,2017-12-23,2
Knack 2,PS4,Platform,Sony Interactive Entertainment,SIE Japan Studio,6.7,0.47,0.14,0.01,0.25,0.07,2017-09-05,2018-09-23,4
Detective Pikachu,3DS,Adventure,Nintendo,Creatures Inc.,7.1,0.47,0.15,0.12,0.17,0.03,2018-03-23,2018-01-12,4
Luigi's Mansion,3DS,Adventure,Nintendo,GREZZO,7.3,0.47,0.19,0.09,0.16,0.03,2018-10-12,2020-08-03,4
Just Dance 2014,PS4,Music,Ubisoft,Ubisoft Paris,7.5,0.47,0.21,0.0,0.18,0.08,2013-11-15,2018-03-08,4
Mario Sports Superstars,3DS,Sports,Nintendo,Namco Bandai Games,6.0,0.46,0.18,0.13,0.12,0.03,2017-03-24,2018-01-20,0
State of Decay 2,XOne,Action-Adventure,Microsoft Studios,Undead Labs,7.0,0.46,0.27,0.0,0.14,0.04,2018-05-22,2018-09-25,3
Hyrule Warriors: Definitive Edition,NS,Action,Nintendo,Omega Force,8.0,0.46,0.21,0.07,0.15,0.03,2018-05-18,2019-12-30,4
L.A. Noire,NS,Adventure,Rockstar Games,Team Bondi,7.9,0.45,0.21,0.0,0.21,0.04,2017-11-14,2018-06-19,4
Lego Batman 3: Beyond Gotham,WiiU,Action,Warner Bros. Interactive Entertainment,Traveller's Tales,7.4,0.45,0.21,0.0,0.21,0.04,2014-11-11,2018-12-01,4
Style Savvy: Styling Star,3DS,Simulation,Nintendo,syn Sophia,8.5,0.45,0.0,0.14,0.29,0.02,2017-12-25,2018-09-05,2
Resistance: Burning Skies,PSV,Shooter,Sony Computer Entertainment,Nihilistic Software,4.8,0.44,0.18,0.02,0.16,0.08,2012-05-29,2018-01-03,0
Shin Megami Tensei: Devil Survivor Overclocked,3DS,Role-Playing,Atlus,Career Soft,7.6,0.44,0.34,0.06,0.01,0.04,2011-08-23,2018-01-14,4
Hey! Pikmin,3DS,Platform,Nintendo,Arzest,6.8,0.44,0.17,0.17,0.08,0.03,2017-07-28,2018-02-03,4
Story of Seasons,3DS,Misc,Xseed Games,Marvelous,7.7,0.44,0.0,0.28,0.15,0.01,2015-03-31,2017-12-30,4
LEGO DC Super-Villains,NS,Action-Adventure,Warner Bros. Interactive Entertainment,Traveller's Tales,7.8,0.44,0.28,0.0,0.12,0.04,2018-10-16,2018-06-04,3
2014 FIFA World Cup Brazil,X360,Sports,EA Sports,EA Canada,7.3,0.44,0.15,0.0,0.25,0.03,2014-04-15,2018-03-22,1
Star Fox: Zero,WiiU,Shooter,Nintendo,Nintendo EPD,6.7,0.44,0.2,0.09,0.12,0.03,2016-04-22,2018-11-18,4
NBA 2K18,NS,Sports,2K Sports,Visual Concepts,7.5,0.43,0.3,0.03,0.06,0.04,2017-09-19,2018-01-05,1
Rocksmith 2014,XOne,Music,Ubisoft,Ubisoft San Francisco,9.0,0.43,0.31,0.0,0.08,0.04,2016-10-04,2018-03-08,2
Doom (2016),NS,Shooter,Bethesda Softworks,id Software,8.2,0.43,0.24,0.01,0.15,0.04,2017-11-10,2018-01-05,2
MLB 14 The Show,PS3,Sports,Sony Computer Entertainment America,SCE San Diego Studio,8.2,0.43,0.35,0.0,0.0,0.08,2014-04-01,2018-03-16,1
Call of Duty: Black Ops II,WiiU,Shooter,Activision,Treyarch,8.6,0.42,0.2,0.0,0.18,0.04,2012-11-18,2018-01-05,2
Call of Duty: Advanced Warfare,PC,Shooter,Activision,Sledgehammer Games,8.6,0.42,0.17,0.0,0.22,0.03,2014-11-04,2018-01-04,2
Nintendo Labo: Toy-Con 03 Vehicle Kit,NS,Racing,Nintendo,Nintendo EPD,7.0,0.41,0.16,0.06,0.15,0.03,2018-09-14,2018-11-19,4
Rocket League,NS,Sports,505 Games,Psyonix Studios,9.2,0.4,0.21,0.0,0.16,0.03,2018-01-16,2018-04-04,1
The Gunstringer,X360,Shooter,Microsoft Studios,Twisted Pixel Games,7.6,0.4,0.26,0.0,0.1,0.04,2011-09-13,2018-09-29,4
LocoRoco,PSP,Platform,Sony Computer Entertainment,SCE Japan Studio,8.1,0.39,0.14,0.16,0.05,0.03,2006-09-05,2018-09-17,2
Farming Simulator 2013,X360,Simulation,Focus Home Interactive,Giants Software,3.0,0.39,0.22,0.0,0.13,0.03,2013-11-19,2018-01-06,0
Just Dance 2014,PS3,Music,Ubisoft,Ubisoft Paris,7.8,0.39,0.17,0.0,0.15,0.07,2013-10-08,2018-03-08,4
Metal Gear Solid: Snake Eater 3D,3DS,Action-Adventure,Konami Digital Entertainment,Konami Computer Entertainment Japan,7.9,0.39,0.15,0.1,0.12,0.02,2012-02-21,2018-08-05,3
Scribblenauts: Unlimited,WiiU,Puzzle,Warner Bros. Interactive Entertainment,5TH Cell,7.0,0.38,0.25,0.0,0.1,0.04,2012-11-18,2018-01-02,4
Phoenix Wright: Ace Attorney - Dual Destinies,3DS,Misc,Unknown,Capcom,8.1,0.38,0.0,0.38,0.0,0.0,2014-01-01,2018-01-04,2
Hatsune Miku: Project Mirai DX,3DS,Misc,Sega,Sega,7.5,0.38,0.2,0.11,0.04,0.03,2015-09-08,2018-05-29,4
Raving Rabbids: Travel in Time 3D,3DS,Platform,Ubisoft,Ubisoft Paris,5.8,0.38,0.11,0.0,0.24,0.04,2011-04-10,2018-01-20,0
Wii Sports Club,WiiU,Sports,Nintendo,Nintendo,6.7,0.38,0.17,0.04,0.14,0.03,2014-07-25,2018-03-14,4
Burnout Paradise Remastered,PS4,Racing,Electronic Arts,Stellar Entertainment,8.0,0.37,0.08,0.01,0.22,0.06,2018-03-16,2018-02-24,2
Batman: Arkham City Armored Edition,WiiU,Action,Warner Bros. Interactive Entertainment,Rocksteady Studios,8.6,0.37,0.16,0.0,0.18,0.03,2012-11-18,2018-04-20,2
Minecraft,3DS,Misc,Nintendo,Other Ocean Interactive,6.7,0.37,0.33,0.0,0.0,0.04,2017-11-10,2018-08-05,4
Sonic Lost World,WiiU,Platform,Sega,Sonic Team,6.0,0.37,0.2,0.01,0.13,0.03,2013-10-29,2018-04-07,0
Shin Megami Tensei IV: Apocalypse,3DS,Role-Playing,Atlus,Atlus,8.1,0.37,0.15,0.16,0.05,0.02,2016-09-20,2018-05-29,2
ESPN: Sports Connection,WiiU,Sports,Ubisoft,Ubisoft Barcelona,3.0,0.36,0.2,0.0,0.13,0.03,2012-11-18,2020-09-14,0
LocoRoco 2,PSP,Platform,Sony Computer Entertainment,SCE Japan Studio,8.5,0.36,0.21,0.01,0.09,0.05,2009-02-10,2018-09-17,2
Mega Man 11,NS,Platform,Capcom,Capcom,8.0,0.36,0.29,0.03,0.0,0.03,2018-10-02,2018-09-12,4
Harvest Moon: The Tale of Two Towns,3DS,Simulation,Natsume,Marvelous Interactive,6.3,0.36,0.28,0.05,0.0,0.02,2011-11-01,2018-01-07,4
The Wonderful 101,WiiU,Action,Nintendo,PlatinumGames,8.0,0.36,0.15,0.08,0.11,0.02,2013-09-15,2018-03-14,4
Nintendo Labo: Toy-Con 02 Robot Kit,NS,Action,Nintendo,Nintendo EPD,7.0,0.36,0.18,0.08,0.08,0.03,2018-04-20,2018-11-18,4
Assassin's Creed III,WiiU,Action-Adventure,Ubisoft,Ubisoft Montreal,7.7,0.36,0.19,0.0,0.14,0.03,2012-11-18,2020-09-08,3
Call of Duty: Ghosts,WiiU,Shooter,Activision,Infinity Ward,8.8,0.35,0.22,0.01,0.09,0.03,2013-11-05,2018-03-21,2
Dead or Alive 5 Last Round,PS4,Fighting,Tecmo Koei,Team Ninja,7.1,0.35,0.09,0.09,0.13,0.04,2015-02-17,2018-11-20,4
Dragon Ball Z: Extreme Butoden,3DS,Fighting,Namco Bandai Games,Arc System Works,5.0,0.35,0.13,0.17,0.03,0.02,2015-10-20,2018-01-17,0
Madden NFL 13,PSV,Sports,EA Sports,EA Tiburon,6.2,0.35,0.28,0.0,0.0,0.07,2012-08-28,2018-01-04,1
The Eye of Judgment,PS3,Strategy,Sony Computer Entertainment,SCE Japan Studio,7.5,0.34,0.28,0.02,0.0,0.03,2007-10-24,2018-09-16,4
Dead or Alive 5,X360,Fighting,Tecmo Koei,Team Ninja,7.6,0.33,0.2,0.03,0.08,0.03,2012-09-25,2018-01-23,4
Kirby: Battle Royale,3DS,Fighting,Nintendo,HAL Laboratory,6.0,0.33,0.07,0.2,0.05,0.01,2018-01-19,2018-01-03,0
Tokyo Mirage Sessions #FE,WiiU,Role-Playing,Nintendo,Atlus,8.0,0.33,0.17,0.08,0.06,0.02,2016-06-24,2020-07-23,4
Ape Escape Academy,PSP,Party,Sony Computer Entertainment,Shift,5.3,0.33,0.13,0.0,0.15,0.05,2006-01-17,2018-09-18,0
Ultimate NES Remix,3DS,Action,Nintendo,Nintendo,7.0,0.33,0.19,0.0,0.11,0.03,2014-12-05,2018-05-29,4
Final Fantasy XI: Online,PS2,MMO,Square Enix,Square Enix,8.4,0.32,0.08,0.15,0.06,0.02,2004-09-21,2018-04-22,2
Chibi-Robo! Zip Lash,3DS,Platform,Nintendo,Nintendo,5.5,0.32,0.14,0.07,0.09,0.02,2015-10-09,2018-01-14,0
Payday 2,PS4,Shooter,505 Games,Overkill Software,6.5,0.32,0.12,0.0,0.14,0.05,2015-06-16,2018-01-08,4
Fuel,X360,Racing,Codemasters,Asobo Studio,6.6,0.31,0.09,0.0,0.18,0.04,2009-06-02,2020-08-05,4
Catherine,X360,Puzzle,Atlus,Atlus,7.9,0.31,0.2,0.03,0.06,0.02,2011-07-26,2018-09-12,4
Sonic Boom: Rise of Lyric,WiiU,Action-Adventure,Sega,Big Red Button,3.7,0.31,0.19,0.0,0.09,0.03,2014-11-11,2018-03-22,0
FIFA 15,PC,Sports,EA Sports,EA Canada,7.0,0.3,0.0,0.0,0.28,0.02,2014-09-23,2018-03-23,1
Fist of the North Star: Ken's Rage 2,PS3,Action,Tecmo Koei,Koei,5.0,0.3,0.0,0.3,0.0,0.0,2013-02-05,2019-01-03,0
Sing Party,WiiU,Party,Nintendo,FreeStyleGames,6.8,0.3,0.15,0.0,0.13,0.03,2012-11-18,2020-09-08,4
Monopoly for Nintendo Switch,NS,Board Game,Ubisoft,Engine Software,5.3,0.3,0.06,0.01,0.22,0.02,2017-10-31,2019-01-28,0
F1 2013,X360,Racing,Codemasters,Codemasters Birmingham,7.9,0.3,0.01,0.0,0.28,0.02,2013-10-08,2018-05-24,4
Sonic Boom: Shattered Crystal,3DS,Platform,Sega,Sanzaru Games,3.8,0.29,0.17,0.0,0.09,0.03,2014-11-11,2018-10-18,0
Assassin's Creed IV: Black Flag,WiiU,Action-Adventure,Ubisoft,Ubisoft Montreal,8.5,0.29,0.17,0.0,0.1,0.03,2013-10-29,2018-03-14,3
Ever Oasis,3DS,Role-Playing,Nintendo,GREZZO,8.1,0.29,0.13,0.05,0.08,0.02,2017-06-23,2018-01-14,2
Overcooked! 2,NS,Simulation,Sold Out,Ghost Town Games,8.4,0.29,0.17,0.01,0.09,0.03,2018-08-07,2018-06-14,2
The Legend of Legacy,3DS,Role-Playing,Atlus,Cattle Call,6.0,0.29,0.14,0.11,0.02,0.02,2015-10-13,2018-05-29,0
Phoenix Wright: Ace Attorney: Spirit of Justice,3DS,Adventure,Capcom,Capcom,8.1,0.29,0.0,0.29,0.0,0.0,2016-09-30,2018-01-14,2
Just Dance 2017,NS,Music,Ubisoft,Ubisoft Paris,6.5,0.29,0.07,0.0,0.2,0.02,2017-03-03,2018-04-06,4
Siren: Blood Curse,PS3,Action-Adventure,Sony Computer Entertainment,SCE Japan Studio,8.3,0.28,0.0,0.09,0.17,0.01,2008-07-24,2018-09-16,3
WarioWare Gold,3DS,Misc,Nintendo,Intelligent Systems,8.1,0.28,0.11,0.13,0.03,0.01,2018-08-03,2018-11-18,4
Star Trek Bridge Crew,PS4,Action,Ubisoft,Red Storm Entertainment,6.8,0.28,0.11,0.0,0.12,0.05,2017-05-30,2018-04-09,4
The Binding of Isaac: Afterbirth+,NS,Action,Nicalis,Nicalis,9.0,0.28,0.17,0.0,0.08,0.03,2017-03-17,2018-01-18,2
Gundam Versus,PS4,Action,Namco Bandai Games,Namco Bandai Games,7.3,0.28,0.08,0.18,0.0,0.02,2017-09-29,2018-01-12,4
Etrian Mystery Dungeon,3DS,Role-Playing,Atlus,Spike Chunsoft,7.6,0.28,0.11,0.14,0.01,0.01,2015-04-07,2018-07-26,4
Mass Effect 3,WiiU,Role-Playing,Electronic Arts,BioWare,9.2,0.28,0.14,0.0,0.12,0.02,2012-11-18,2018-01-09,2
Need for Speed: Most Wanted (2012),WiiU,Racing,Electronic Arts,Criterion Games,8.4,0.28,0.13,0.0,0.13,0.02,2013-03-19,2018-12-19,2
Metal Gear Solid V: Ground Zeroes,XOne,Action-Adventure,Konami Digital Entertainment,Kojima Productions,7.7,0.27,0.13,0.0,0.13,0.02,2014-03-18,2018-03-22,3
Batman: Arkham Origins Blackgate,3DS,Action-Adventure,Warner Bros. Interactive Entertainment,Armature Studio,7.0,0.27,0.16,0.0,0.09,0.02,2013-10-25,2018-12-10,3
Brain Age: Concentration Training,3DS,Misc,Nintendo,Nintendo,7.5,0.27,0.0,0.27,0.0,0.0,2013-02-10,2018-08-30,4
Skylanders SWAP Force,3DS,Platform,Activision,n-Space,7.7,0.27,0.12,0.0,0.13,0.02,2013-10-13,2018-01-16,4
The World Ends with You: Final Remix,NS,Role-Playing,Nintendo,Square Enix,7.4,0.27,0.14,0.03,0.08,0.02,2018-10-12,2019-03-30,4
Etrian Odyssey V: Beyond the Myth,3DS,Role-Playing,Atlus,Atlus,7.9,0.27,0.11,0.14,0.01,0.01,2017-10-17,2018-01-15,2
MLB 09: The Show,PSP,Sports,Sony Computer Entertainment,SCE San Diego Studio,8.8,0.27,0.24,0.0,0.0,0.02,2009-03-03,2018-12-04,1
Etrian Odyssey: Millennium Girl,3DS,Role-Playing,Atlus,Atlus,8.1,0.26,0.1,0.14,0.01,0.01,2013-10-01,2018-12-10,2
Stella Glow,3DS,Role-Playing,Atlus,imageepoch Inc.,7.5,0.26,0.17,0.06,0.01,0.02,2015-11-17,2018-05-30,4
Resident Evil: Revelations,X360,Shooter,Capcom,Capcom,7.4,0.26,0.12,0.02,0.1,0.02,2013-05-21,2018-03-16,4
Sonic Boom: Fire & Ice,3DS,Platform,Sega,Sanzaru Games,6.9,0.25,0.14,0.02,0.08,0.02,2016-09-27,2020-08-07,4
Pro Evolution Soccer 2014,X360,Sports,Konami Digital Entertainment,Konami,7.9,0.25,0.08,0.0,0.16,0.02,2013-09-24,2018-03-02,1
F1 2015,XOne,Racing,Codemasters,Codemasters Birmingham,5.7,0.25,0.09,0.0,0.15,0.02,2015-07-21,2018-05-23,0
LEGO The Hobbit,3DS,Action-Adventure,Warner Bros. Interactive Entertainment,TT Fusion,7.0,0.25,0.1,0.0,0.13,0.02,2014-04-08,2018-03-15,3
Spirit Camera: The Cursed Memoir,3DS,Action-Adventure,Nintendo,Tecmo Koei Games,5.7,0.25,0.15,0.06,0.02,0.02,2012-04-13,2018-08-30,0
Mega Man Legacy Collection 1+2,NS,Platform,Capcom,Digital Eclipse Software,8.5,0.25,0.2,0.03,0.0,0.02,2018-05-22,2018-07-04,2
Far Cry: Primal,PC,Action-Adventure,Ubisoft,Ubisoft Montreal,8.0,0.25,0.07,0.0,0.16,0.02,2016-03-01,2018-04-03,3
Game & Wario,WiiU,Party,Nintendo,Intelligent Systems,6.2,0.25,0.06,0.12,0.06,0.01,2013-06-23,2018-03-15,4
Sid Meier's Civilization VI,NS,Strategy,2K Games,Firaxis Games,9.4,0.25,0.12,0.01,0.11,0.02,2018-11-16,2018-12-19,2
A Way Out,XOne,Action,Electronic Arts,Hazelight,8.1,0.24,0.17,0.0,0.05,0.02,2018-03-23,2018-03-24,2
Disney Epic Mickey 2: The Power of Two,WiiU,Platform,Disney Interactive Studios,Junction Point Studios,5.9,0.24,0.13,0.01,0.08,0.02,2012-11-18,2020-09-13,0
Call of Duty: Modern Warfare Remastered,XOne,Shooter,Activision,Infinity Ward,8.2,0.24,0.16,0.0,0.06,0.02,2017-07-27,2018-01-14,2
7th Dragon III Code: VFD,3DS,Role-Playing,Sega,Sega,7.5,0.24,0.06,0.13,0.04,0.01,2016-07-12,2018-04-20,4
Darksiders II: Deathinitive Edition,PS4,Action-Adventure,Nordic Games,Gunfire Games,7.5,0.24,0.1,0.0,0.1,0.04,2015-10-30,2018-10-02,3
Fuel,PS3,Racing,Codemasters,Asobo Studio,6.6,0.24,0.08,0.0,0.11,0.04,2009-06-02,2020-08-05,4
Risen 2: Dark Waters,PS3,Role-Playing,Deep Silver,Piranha Bytes,5.5,0.23,0.04,0.01,0.14,0.03,2012-07-31,2018-01-03,0
Attack on Titan 2,NS,Action,Koei Tecmo,Omega Force,7.0,0.23,0.12,0.08,0.02,0.02,2018-03-20,2018-03-30,4
DC Universe Online,PC,MMO,Sony Online Entertainment,WBIE,7.0,0.23,0.16,0.0,0.06,0.02,2011-01-11,2018-09-15,4
DiRT 4,XOne,Racing,Deep Silver,Codemasters,9.2,0.23,0.11,0.0,0.1,0.02,2017-06-06,2018-11-23,2
Skylanders Imaginators,NS,Platform,Activision,Toys for Bob,6.9,0.23,0.1,0.0,0.1,0.02,2017-03-03,2018-03-26,4
Madden NFL 13,WiiU,Sports,EA Sports,EA Tiburon,7.2,0.23,0.21,0.0,0.0,0.02,2012-11-18,2018-01-04,1
Dragon Quest Builders: Revive Alefgard,NS,Role-Playing,Square Enix,Square Enix,8.0,0.22,0.07,0.07,0.07,0.01,2018-02-09,2018-02-04,2
F1 2016,XOne,Racing,Codemasters,Codemasters,8.8,0.22,0.09,0.0,0.12,0.02,2016-08-19,2018-05-14,2
NBA 06,PSP,Sports,Sony Computer Entertainment,SCE San Diego Studio,7.2,0.22,0.2,0.0,0.0,0.02,2005-10-04,2018-12-04,1
Return to PopoloCrois: A Story of Seasons Fairytale,3DS,Simulation,Xseed Games,Marvelous Entertainment,7.0,0.22,0.09,0.11,0.0,0.01,2016-03-01,2018-05-30,4
Life Is Strange: Before the Storm,PS4,Adventure,Square Enix,Deck Nine,7.5,0.22,0.11,0.02,0.06,0.03,2018-03-06,2018-07-09,4
Resident Evil: Revelations,WiiU,Shooter,Capcom,Capcom,7.5,0.22,0.09,0.03,0.08,0.02,2013-05-21,2018-03-16,4
Code Name: S.T.E.A.M.,3DS,Strategy,Nintendo,Intelligent Systems,8.0,0.22,0.14,0.02,0.05,0.02,2015-03-13,2019-01-04,4
Attack on Titan 2,PS4,Action,Koei Tecmo,Omega Force,7.8,0.22,0.09,0.06,0.04,0.03,2018-03-20,2018-03-30,4
Super Lucky's Tale,XOne,Platform,Microsoft Studios,Playful Corp.,6.5,0.22,0.13,0.0,0.07,0.02,2017-11-07,2018-01-18,4
Radiant Historia: Perfect Chronology,3DS,Role-Playing,Atlus,Atlus,8.1,0.21,0.11,0.06,0.03,0.01,2018-02-13,2018-03-01,2
Fallout 76,PC,Role-Playing,Bethesda Softworks,Bethesda Game Studios,3.7,0.21,0.12,0.0,0.07,0.02,2018-11-14,2018-12-02,0
Fate/Extella: The Umbral Star,NS,Action,Xseed Games,Marvelous Entertainment,8.0,0.21,0.1,0.04,0.06,0.02,2017-07-25,2018-01-02,4
FIFA 16,PC,Sports,EA Sports,EA Canada,8.5,0.21,0.07,0.0,0.13,0.02,2015-09-22,2018-04-01,1
LBX: Little Battlers eXperience,3DS,Action,Nintendo,Level 5,7.0,0.21,0.0,0.21,0.0,0.0,2015-08-21,2018-08-31,4
The Amazing Spider-Man (2012),3DS,Action-Adventure,Activision,Beenox,7.0,0.21,0.16,0.0,0.03,0.02,2012-06-26,2018-03-15,3
Star Trek: The Game,X360,Action-Adventure,Namco Bandai Games,Digital Extremes,5.2,0.21,0.12,0.0,0.08,0.02,2013-04-23,2018-10-29,0
Tom Clancy's Splinter Cell: Blacklist,PC,Action-Adventure,Ubisoft,Ubisoft Toronto,8.9,0.21,0.06,0.0,0.14,0.02,2013-08-20,2018-03-08,3
NBA 07,PSP,Sports,Sony Computer Entertainment,SCE San Diego Studio,6.9,0.2,0.18,0.0,0.0,0.02,2006-09-25,2018-12-04,1
Kung Fu Rider,PS3,Action,Sony Computer Entertainment,SCE Japan Studio,4.3,0.2,0.06,0.01,0.1,0.04,2010-09-17,2018-09-16,0
Code of Princess,3DS,Action-Adventure,Atlus,Studio Saizensen,7.2,0.2,0.16,0.03,0.0,0.02,2012-10-09,2019-01-05,3
Sleeping Dogs: Definitive Edition,XOne,Action-Adventure,Square Enix,United Front Games,7.5,0.2,0.1,0.0,0.09,0.02,2014-10-14,2018-05-01,3
Pac-Man & Galaga Dimensions,3DS,Action,Namco Bandai,Namco Bandai Games,5.7,0.19,0.1,0.04,0.04,0.01,2011-07-26,2019-01-05,0
F1 2017,XOne,Racing,Deep Silver,Codemasters,9.0,0.19,0.04,0.0,0.13,0.01,2017-08-25,2018-05-23,2
Tekken Tag Tournament 2,WiiU,Fighting,Namco Bandai Games,Bandai Namco Games,8.1,0.19,0.09,0.01,0.07,0.01,2012-11-18,2018-04-21,2
Project X Zone 2,3DS,Role-Playing,Namco Bandai Games,Monolith Soft,6.6,0.19,0.06,0.09,0.04,0.01,2016-02-16,2018-06-14,4
Valkyria Chronicles 4,NS,Strategy,Sega,Sega,8.6,0.19,0.12,0.02,0.04,0.02,2018-09-25,2018-09-11,2
Ninja Gaiden 3: Razor's Edge,WiiU,Action,Nintendo,Team Ninja,6.5,0.19,0.14,0.0,0.03,0.02,2012-11-18,2020-08-25,4
Captain Toad: Treasure Tracker,3DS,Puzzle,Nintendo,Nintendo EPD,8.5,0.19,0.06,0.08,0.04,0.01,2018-07-13,2018-11-18,2
Street Fighter 30th Anniversary Collection,NS,Fighting,Capcom,Capcom,8.5,0.19,0.12,0.01,0.04,0.02,2018-05-29,2018-11-07,2
Resident Evil: Revelations,PS4,Action,Capcom,Capcom,7.2,0.18,0.06,0.04,0.06,0.02,2017-08-29,2018-03-16,4
Axiom Verge,NS,Action,Thomas Happ Games,Thomas Happ Games,7.5,0.17,0.12,0.0,0.03,0.02,2017-11-21,2018-01-12,4
Katamari Damacy Reroll,NS,Action,Bandai Namco Entertainment,Bandai Namco Games,8.8,0.17,0.14,0.02,0.0,0.02,2018-12-07,2018-09-13,2
NBA 09: The Inside,PSP,Sports,Sony Computer Entertainment,SCE San Diego Studio,8.2,0.17,0.16,0.0,0.0,0.01,2008-10-07,2018-12-04,1
F1 2018,XOne,Racing,Codemasters,Codemasters Birmingham,8.5,0.17,0.05,0.0,0.1,0.01,2018-08-24,2018-09-26,2
Xenoblade Chronicles 2: Torna ~ The Golden Country,NS,Role-Playing,Nintendo,Monolith Soft,7.5,0.16,0.08,0.02,0.05,0.01,2018-09-21,2018-09-26,4
Gravity Rush Remastered,PS4,Action-Adventure,Sony Computer Entertainment,Bluepoint Games,7.9,0.16,0.02,0.05,0.06,0.02,2016-02-02,2018-09-23,3
Naruto Powerful Shippuden,3DS,Action-Adventure,Namco Bandai Games,Namco Bandai Games,8.0,0.16,0.08,0.04,0.02,0.01,2013-03-05,2018-11-06,3
Darksiders II,WiiU,Action-Adventure,THQ,Vigil Games,8.2,0.16,0.07,0.0,0.07,0.01,2012-11-18,2018-03-14,3
Castlevania: Lords of Shadow - Mirror of Fate,3DS,Action-Adventure,Konami Digital Entertainment,Mercury Steam,7.2,0.16,0.04,0.03,0.08,0.01,2013-03-05,2018-11-06,3
Just Cause 3,PC,Action-Adventure,Square Enix,Avalanche Studios,7.6,0.16,0.03,0.0,0.12,0.01,2015-12-01,2018-04-04,3
Fist of the North Star: Ken's Rage,X360,Action,Tecmo Koei,Tecmo Koei Games,5.4,0.16,0.07,0.06,0.02,0.01,2010-11-02,2018-07-30,0
Pillars of Eternity,PS4,Role-Playing,Paradox Interactive,Obsidian Entertainment,8.3,0.16,0.11,0.0,0.02,0.03,2017-08-29,2018-04-15,2
Wolfenstein: The Old Blood,XOne,Shooter,Bethesda Softworks,MachineGames,8.0,0.15,0.07,0.0,0.07,0.01,2015-05-05,2018-04-21,2
Metroid Prime: Federation Force,3DS,Action,Nintendo,Next Level Games,6.3,0.15,0.08,0.03,0.02,0.01,2016-08-19,2018-07-02,4
MLB 13: The Show,PSV,Sports,Sony Computer Entertainment America,SCE San Diego Studio,7.6,0.15,0.11,0.0,0.0,0.04,2013-03-05,2018-03-14,1
RiME,NS,Adventure,Grey Box,Tequila Works,4.5,0.15,0.11,0.0,0.03,0.01,2017-11-21,2018-08-11,0
Gear.Club Unlimited,NS,Racing,Microids,Eden Games,6.1,0.15,0.1,0.01,0.03,0.01,2017-11-21,2018-01-07,0
Rodea the Sky Soldier,WiiU,Action-Adventure,NIS America,Kadokawa Games,7.0,0.14,0.1,0.01,0.02,0.01,2015-11-10,2018-04-06,3
Metal Gear Solid V: Ground Zeroes,X360,Action-Adventure,Konami Digital Entertainment,Kojima Productions,8.3,0.14,0.06,0.01,0.05,0.01,2014-03-18,2018-03-22,3
BIT.TRIP SAGA,3DS,Platform,Aksys Games,Gaijin Games Inc.,7.5,0.14,0.09,0.0,0.04,0.01,2011-09-13,2019-01-14,4
Gungnir,PSP,Role-Playing,Atlus,Sting,7.4,0.14,0.08,0.04,0.0,0.02,2012-06-12,2018-01-17,4
Etrian Odyssey 2 Untold: Knight of Fafnir,3DS,Role-Playing,Atlus,Atlus,8.0,0.14,0.09,0.0,0.02,0.03,2015-08-04,2018-01-30,2
South Park: The Fractured But Whole,NS,Role-Playing,Ubisoft,Ubisoft San Francisco,9.5,0.14,0.08,0.0,0.05,0.01,2018-04-24,2018-04-06,2
Risen 2: Dark Waters,X360,Role-Playing,Deep Silver,Piranha Bytes,5.5,0.14,0.05,0.0,0.08,0.01,2012-07-31,2018-01-03,0
NBA 2K13,WiiU,Sports,2K Sports,Visual Concepts,7.6,0.14,0.08,0.0,0.04,0.01,2012-11-18,2018-01-04,1
Shin Megami Tensei: Devil Survivor 2 Record Breaker,3DS,Role-Playing,Atlus,Atlus,8.4,0.13,0.0,0.1,0.02,0.0,2015-05-05,2018-01-31,2
Venetica,X360,Role-Playing,Atari,DECK13 Interactive,5.2,0.13,0.09,0.0,0.03,0.01,2011-01-11,2018-05-10,0
Everybody Dance,PS3,Music,Sony Computer Entertainment,SCEE London Studio,6.5,0.13,0.11,0.0,0.0,0.02,2011-10-18,2018-09-14,4
The Legend of Heroes: Trails of Cold Steel III,PS4,Role-Playing,NIS America,Nihon Falcom Corporation,7.0,0.13,0.0,0.13,0.0,0.0,2019-09-24,2018-07-03,4
Tom Clancy's Splinter Cell: Blacklist,WiiU,Action-Adventure,Ubisoft,Ubisoft Shanghai,9.2,0.13,0.04,0.0,0.07,0.01,2013-08-20,2018-03-08,3
007 Legends,WiiU,Shooter,Activision,Eurocom,4.2,0.13,0.06,0.0,0.06,0.01,2012-12-11,2018-03-16,0
Nickelodeon Kart Racers,NS,Racing,GameMill Entertainment,Bamtang,2.0,0.13,0.08,0.0,0.04,0.01,2018-10-23,2020-09-21,0
Little Dragons Café,NS,Simulation,Aksys Games,Aksys Games,7.0,0.13,0.09,0.02,0.0,0.01,2018-08-24,2018-09-26,4
New Gundam Breaker,PS4,Action,Namco Bandai Games,Bandai Namco Games,2.8,0.13,0.03,0.1,0.0,0.01,2018-06-22,2018-04-21,0
Ape Escape 3,PS2,Platform,Sony Computer Entertainment,SCE Japan Studio,7.8,0.13,0.06,0.0,0.05,0.02,2006-01-17,2018-09-16,4
Football Manager Classic 2014,PSV,Sports,Sega,Sports Interactive,5.8,0.12,0.0,0.0,0.1,0.03,2014-04-11,2018-03-21,0
"Snipperclips Plus: Cut It Out, Together!",NS,Puzzle,Nintendo,SFB Games,8.2,0.12,0.0,0.1,0.02,0.0,2017-03-03,2018-03-31,4
Payday 2,NS,Shooter,505 Games,Overkill Software,5.0,0.12,0.08,0.0,0.02,0.01,2018-02-27,2018-01-08,0
Nintendo Pocket Football Club,3DS,Sports,Nintendo,ParityBit,7.0,0.12,0.0,0.12,0.0,0.0,2012-07-12,2018-08-30,1
Zero Escape: Zero Time Dilemma,3DS,Adventure,Aksys Games,Chime,7.7,0.12,0.08,0.03,0.0,0.01,2016-06-28,2018-07-03,4
MLB 14 The Show,PSV,Sports,Sony Computer Entertainment America,SCE San Diego Studio,7.1,0.12,0.09,0.0,0.0,0.03,2014-04-01,2018-03-16,1
Venetica,PS3,Role-Playing,Atari,DECK13 Interactive,5.0,0.12,0.07,0.0,0.03,0.01,2011-01-11,2018-05-10,0
Picross 3D Round 2,3DS,Puzzle,Nintendo,HAL Laboratory,8.6,0.12,0.0,0.12,0.0,0.0,2016-09-01,2018-04-23,2
Rocket League,PC,Sports,Psyonix Studios,Psyonix Studios,9.2,0.12,0.03,0.0,0.08,0.01,2015-07-07,2018-04-04,1
Overcooked Special Edition,NS,Simulation,Team 17,Ghost Town Games,8.4,0.11,0.08,0.0,0.01,0.01,2018-02-13,2018-01-08,2
NBA 2K18,X360,Sports,2K Sports,Visual Concepts,7.0,0.11,0.09,0.0,0.0,0.01,2017-09-19,2018-04-02,1
Burnout Paradise Remastered,XOne,Racing,Electronic Arts,Stellar Entertainment,8.0,0.11,0.06,0.0,0.04,0.01,2018-03-16,2018-02-24,2
NASCAR '14,PS3,Racing,Deep Silver,Eutechnyx,7.0,0.11,0.09,0.0,0.0,0.02,2014-02-18,2018-11-04,4
Namco Museum Arcade Pac,NS,Misc,Bandai Namco Entertainment,Bandai Namco,7.8,0.11,0.08,0.0,0.02,0.01,2018-09-28,2019-02-11,4
Pro Evolution Soccer 2014,PC,Sports,Konami Digital Entertainment,Konami,8.3,0.11,0.0,0.0,0.1,0.01,2013-09-20,2018-03-02,1
RiME,PS4,Adventure,Grey Box,Tequila Works,7.1,0.11,0.02,0.0,0.07,0.02,2017-05-26,2018-04-08,4
Dead Cells,NS,Action,Merge Games,Motion Twin,9.3,0.11,0.08,0.0,0.02,0.01,2018-08-15,2018-08-06,2
Phantom Dust,XB,Action,Majesco,Microsoft Game Studios,8.2,0.11,0.08,0.0,0.02,0.0,2005-03-15,2018-10-02,2
Deus Ex: Human Revolution,WiiU,Shooter,Square Enix,Eidos Interactive,8.6,0.11,0.05,0.0,0.05,0.01,2013-10-22,2018-03-16,2
Pokémon Rumble World,3DS,Action,Nintendo,Ambrella,7.0,0.11,0.0,0.09,0.02,0.0,2015-04-08,2018-08-03,4
Wolfenstein II: The New Colossus,NS,Shooter,Bethesda Softworks,MachineGames,8.3,0.11,0.05,0.0,0.05,0.01,2018-06-29,2018-07-28,2
Ys VIII: Lacrimosa of Dana,NS,Role-Playing,NIS America,Nihon Falcom Corporation,8.5,0.11,0.03,0.03,0.03,0.01,2018-06-26,2018-01-11,2
The Alliance Alive,3DS,Role-Playing,Atlus,Cattle Call,7.3,0.11,0.04,0.06,0.0,0.01,2018-03-27,2019-03-16,4
Dark Souls: Remastered,XOne,Role-Playing,Bandai Namco Entertainment,From Software,8.0,0.11,0.07,0.0,0.03,0.01,2018-05-25,2018-06-05,2
Vandal Hearts II,PS,Strategy,Konami,Konami,7.2,0.1,0.06,0.0,0.04,0.01,1999-11-30,2018-04-10,4
The Elder Scrolls Online: Summerset,PS4,MMO,Bethesda Softworks,ZeniMax Online Studios,7.5,0.1,0.08,0.0,0.0,0.02,2018-05-21,2018-09-15,4
Shantae and the Pirate's Curse,3DS,Platform,WayForward Technologies,WayForward Technologies,7.7,0.1,0.05,0.04,0.0,0.01,2016-10-18,2018-01-31,4
Dead or Alive 5 Plus,PSV,Fighting,Tecmo Koei,Team Ninja,8.0,0.1,0.0,0.03,0.06,0.02,2013-03-19,2018-11-20,4
Dead or Alive 5 Last Round,XOne,Fighting,Tecmo Koei,Team Ninja,7.5,0.1,0.05,0.01,0.03,0.01,2015-02-17,2018-11-20,4
Stardew Valley,PS4,Simulation,505 Games,ConcernedApe,8.8,0.1,0.04,0.0,0.04,0.02,2017-04-11,2019-02-11,2
Attack on Titan 2,XOne,Action,Koei Tecmo,Omega Force,7.0,0.09,0.08,0.0,0.0,0.01,2018-03-20,2018-03-30,4
Brain Age: Concentration Training,3DS,Education,Nintendo,Nintendo,7.5,0.09,0.08,0.0,0.0,0.01,2013-02-10,2019-01-15,4
echochrome,PSP,Puzzle,Sony Computer Entertainment,SCE Japan Studio,7.6,0.09,0.0,0.08,0.01,0.0,2008-05-01,2018-09-17,4
NBA 2K18,PS3,Sports,2K Sports,Visual Concepts,7.0,0.09,0.06,0.01,0.01,0.01,2017-09-19,2018-04-02,1
The Amazing Spider-Man (2012),WiiU,Action-Adventure,Activision,Beenox,6.0,0.09,0.05,0.0,0.04,0.01,2013-03-05,2018-03-15,0
ARK: Survival Evolved,NS,Action-Adventure,Studio Wildcard,Studio Wildcard,4.0,0.08,0.07,0.0,0.0,0.01,2018-11-30,2018-09-22,0
Darksiders II: Deathinitive Edition,XOne,Action-Adventure,Nordic Games,Gunfire Games,7.5,0.08,0.05,0.0,0.03,0.01,2015-10-30,2018-10-02,3
FIFA 18,PC,Sports,EA Sports,EA Vancouver,8.0,0.08,0.0,0.0,0.08,0.0,2017-09-29,2018-04-02,1
Mario vs. Donkey Kong: Tipping Stars,3DS,Puzzle,Nintendo,Nintendo Software Technology Corporation,6.5,0.08,0.0,0.08,0.0,0.0,2015-03-05,2019-01-15,4
Far Cry 5,PC,Action,Ubisoft,Ubisoft,6.3,0.07,0.0,0.0,0.07,0.0,2018-02-27,2018-07-19,4
Tank! Tank! Tank!,WiiU,Misc,Namco Bandai Games,Namco Bandai Games,4.7,0.07,0.02,0.05,0.01,0.0,2012-11-18,2018-01-18,0
Ride 3,PS4,Racing,Bandai Namco Entertainment,Milestone S.r.l.,7.3,0.07,0.03,0.0,0.03,0.01,2018-11-30,2019-03-21,4
Need for Speed: Most Wanted (2012),PC,Racing,Electronic Arts,Criterion Games,8.5,0.07,0.0,0.0,0.06,0.01,2012-10-30,2018-12-19,2
Zombi,PS4,Action,Ubisoft,Ubisoft Montpellier,7.5,0.07,0.0,0.01,0.04,0.01,2015-08-18,2018-01-17,4
Culdcept Revolt,3DS,Strategy,NIS America,OmiyaSoft,7.3,0.07,0.0,0.07,0.0,0.0,2017-10-03,2018-04-02,4
Poi,NS,Platform,Polykid,Polykid,5.0,0.07,0.05,0.0,0.01,0.01,2017-02-01,2019-02-15,0
Sushi Striker: The Way of Sushido,NS,Puzzle,Nintendo,Indies Zero,7.9,0.07,0.02,0.03,0.01,0.0,2018-06-08,2020-07-23,4
Cooking Mama: Sweet Shop,3DS,Simulation,Rising Star Games,Office Create,6.0,0.07,0.03,0.04,0.0,0.0,2017-05-16,2018-01-16,0
Risen 3: Titan Lords Enhanced Edition,PS4,Role-Playing,Deep Silver,Piranha Bytes,1.0,0.07,0.0,0.0,0.06,0.01,2015-08-21,2018-01-03,0
RPG Maker: Fes,3DS,Role-Playing,NIS America,Kadokawa Games,7.0,0.07,0.03,0.02,0.0,0.0,2017-06-27,2018-04-22,4
MotorStorm RC,PSV,Racing,Sony Computer Entertainment,Evolution Studios,8.1,0.07,0.0,0.0,0.05,0.01,2012-03-06,2019-07-17,2
BlazBlue: Cross Tag Battle,NS,Fighting,Arc System Works,Arc System Works,8.0,0.07,0.04,0.01,0.01,0.01,2018-06-05,2018-06-06,4
Cartoon Network: Battle Crashers,PS4,Action,GameMill Entertainment,Magic Pockets,1.5,0.06,0.05,0.0,0.0,0.01,2016-11-08,2020-09-25,0
One Piece: Pirate Warriors 3 - Deluxe Edition,NS,Action,Bandai Namco Entertainment,Omega Force,8.5,0.06,0.0,0.05,0.01,0.0,2018-05-11,2019-02-20,2
Men of War: Assault Squad,PC,Strategy,1C Company,Digitalmindsoft,8.0,0.06,0.01,0.0,0.04,0.01,2011-02-25,2019-03-29,2
Lord of Magna: Maiden Heaven,3DS,Role-Playing,Xseed Games,Marvelous,7.0,0.06,0.0,0.06,0.0,0.0,2015-06-02,2019-01-03,4
Cartoon Network: Battle Crashers,3DS,Action,GameMill Entertainment,Magic Pockets,3.5,0.06,0.04,0.0,0.01,0.01,2016-11-08,2020-09-25,0
Disgaea 1 Complete,NS,Role-Playing,NIS America,Nippon Ichi Software,8.0,0.06,0.03,0.01,0.01,0.0,2018-10-09,2019-02-19,2
Asterix and Obelix XXL2,NS,Action-Adventure,Microids,Microids,6.5,0.06,0.0,0.0,0.06,0.0,2018-11-29,2019-02-19,3
Wonder Boy: The Dragon's Trap (Remake),NS,Platform,DotEmu,Lizardcube,7.4,0.05,0.04,0.0,0.0,0.01,2017-04-18,2018-08-10,4
Devil's Third,WiiU,Action,Nintendo,Valhalla Game Studios,3.8,0.05,0.03,0.0,0.02,0.0,2015-12-11,2018-01-22,0
DuckTales: Remastered,PS3,Platform,Capcom,WayForward,8.6,0.05,0.01,0.0,0.04,0.01,2013-08-13,2019-02-17,2
Sega 3D Classics Collection,3DS,Misc,Sega,M2,7.0,0.05,0.05,0.0,0.0,0.01,2016-04-26,2019-01-11,4
Back to the Future: The Game,Wii,Adventure,Telltale Games,Telltale Games,7.0,0.05,0.05,0.0,0.0,0.0,2011-10-25,2018-04-23,4
Owlboy,NS,Platform,Soedesco,D-Pad Studios,9.0,0.05,0.03,0.0,0.01,0.01,2018-05-29,2018-11-06,2
Hellblade: Senua's Sacrifice,PS4,Action-Adventure,505 Games,Ninja Theory,8.3,0.05,0.03,0.0,0.01,0.01,2018-12-04,2018-11-02,3
Battle Chasers: Nightwar,NS,Role-Playing,THQ Nordic,Airship Syndicate,8.5,0.05,0.03,0.0,0.01,0.0,2018-05-15,2018-09-22,2
Venetica,PC,Role-Playing,Atari,DECK13 Interactive,6.0,0.05,0.0,0.0,0.04,0.01,2011-01-11,2018-05-10,0
I am Setsuna,NS,Role-Playing,Square Enix,Tokyo RPG Factory,7.0,0.05,0.0,0.05,0.0,0.0,2017-03-03,2018-07-04,4
GrimGrimoire,PS2,Strategy,NIS America,Vanillaware,7.7,0.05,0.01,0.03,0.01,0.0,2007-06-26,2019-01-10,4
Sine Mora EX,NS,Action,THQ Nordic,Digital Reality,8.0,0.04,0.0,0.0,0.04,0.0,2017-09-26,2018-08-15,4
Lost Sphear,NS,Role-Playing,Square Enix,Tokyo RPG Factory,6.5,0.04,0.0,0.02,0.02,0.0,2018-01-23,2018-01-10,4
Langrisser: Re:Incarnation Tensei,3DS,Role-Playing,Aksys Games,NCS,1.5,0.04,0.03,0.01,0.0,0.0,2016-04-19,2018-08-06,0
Blade Strangers,NS,Fighting,Nicalis,Studio Saizensen,8.3,0.04,0.03,0.0,0.0,0.0,2018-08-28,2018-07-28,2
PlayStation Move Ape Escape,PS3,Party,Sony Computer Entertainment,SCE Japan Studio,4.0,0.04,0.0,0.0,0.03,0.01,2011-07-05,2018-09-16,0
Pure Farming 2018,PS4,Simulation,Techland,Ice Flames,7.0,0.04,0.02,0.0,0.01,0.01,2018-03-13,2018-07-19,4
Assassin's Creed Rogue Remastered,XOne,Action-Adventure,Ubisoft,Ubisoft,6.0,0.04,0.0,0.0,0.03,0.0,2018-03-20,2018-01-29,3
Monster Boy and the Cursed Kingdom,NS,Action-Adventure,FDG Entertainment,Game Atelier,8.0,0.04,0.03,0.0,0.0,0.0,2018-11-06,2018-12-17,3
Adventure Time: Explore the Dungeon Because I Don't Know!,WiiU,Action-Adventure,D3Publisher,Way Forward,2.8,0.04,0.02,0.0,0.02,0.0,2013-12-12,2018-01-22,0
Tom Clancy's Ghost Recon Wildlands,PC,Shooter,Ubisoft,Ubisoft Paris,7.4,0.04,0.0,0.0,0.04,0.0,2017-03-07,2018-04-01,4
Trine 2: Director's Cut,WiiU,Platform,Frozenbyte,Frozenbyte,7.8,0.04,0.0,0.0,0.04,0.0,2012-11-18,2018-08-28,4
Aegis of Earth: Protonovus Assault,PS4,Action,Aksys Games,Acquire,4.0,0.04,0.03,0.0,0.01,0.01,2016-03-15,2018-06-15,0
Saints Row 2,PC,Action,THQ,Volition Inc.,6.6,0.04,0.0,0.0,0.03,0.01,2009-01-05,2018-04-02,4
Grand Theft Auto: Vice City,PC,Action,Rockstar Games,Rockstar North,9.0,0.04,0.0,0.0,0.03,0.0,2003-05-12,2018-02-03,2
Red Faction: Guerrilla,PC,Shooter,THQ,Volition Inc.,8.3,0.03,0.0,0.0,0.03,0.0,2009-09-15,2018-04-02,2
Code of  Princess EX,NS,Action,Nicalis,Studio Saizensen,7.2,0.03,0.02,0.01,0.0,0.0,2018-07-31,2018-03-08,4
Zero Escape: Virtue's Last Reward,3DS,Visual Novel,Aksys Games,Spike Chunsoft,9.0,0.03,0.03,0.0,0.0,0.0,2012-10-23,2019-01-23,2
Rabbids Land,WiiU,Party,Ubisoft,Ubisoft Paris,6.1,0.03,0.01,0.0,0.01,0.0,2012-11-18,2020-09-08,0
Rise of Nations: Rise of Legends,PC,Strategy,Microsoft Game Studios,Big Huge Games,8.3,0.03,0.0,0.0,0.03,0.01,2006-05-09,2018-11-15,2
Agony,PS4,Action-Adventure,Maximum Games,Madmind Studio,5.0,0.03,0.02,0.0,0.0,0.0,2018-05-29,2018-04-30,0
NBA 2K13,PC,Sports,2K Sports,Visual Concepts,9.1,0.03,0.0,0.0,0.02,0.0,2012-10-02,2018-01-04,1
Penny-Punching Princess,NS,Misc,NIS America,Nippon Ichi Software,6.5,0.03,0.03,0.0,0.0,0.0,2018-04-03,2018-04-07,4
The Lost Child,NS,Role-Playing,NIS America,Crim,7.5,0.03,0.02,0.0,0.0,0.0,2018-06-19,2018-09-20,4
Stardew Valley,XOne,Simulation,505 Games,ConcernedApe,8.8,0.03,0.02,0.0,0.0,0.0,2017-04-11,2018-03-21,2
Tenkai Knights: Brave Battle,3DS,Action,Namco Bandai Games,Delta Factory,4.5,0.02,0.01,0.0,0.01,0.0,2014-10-07,2019-01-24,0
Assetto Corsa,XOne,Racing,505 Games,Kunos Simulazioni,6.0,0.02,0.0,0.0,0.01,0.0,2016-08-30,2018-09-17,0
Fuel,PC,Racing,Codemasters,Asobo Studio,6.4,0.02,0.0,0.0,0.02,0.0,2009-06-23,2020-08-05,4
Need for Speed: Payback,PC,Racing,Electronic Arts,Ghost Games,6.5,0.02,0.0,0.0,0.02,0.0,2017-11-10,2018-04-04,4
Undertale,NS,Role-Playing,8-4,Toby Fox,9.0,0.02,0.0,0.02,0.0,0.0,2018-09-18,2018-09-26,2
Lost Sphear,PS4,Role-Playing,Square Enix,Tokyo RPG Factory,6.0,0.02,0.0,0.02,0.0,0.0,2018-01-23,2018-07-19,0
Fallen Legion: Rise to Glory,NS,Role-Playing,NIS America,Unknown,7.0,0.02,0.01,0.0,0.0,0.0,2018-05-29,2018-04-24,4
République,PS4,Action-Adventure,GungHo Online Entertainment,Camouflaj,6.5,0.02,0.0,0.01,0.01,0.0,2016-03-22,2018-04-15,3
Gal Metal!,NS,Music,Xseed Games,DMM Games,7.0,0.02,0.01,0.01,0.0,0.0,2018-10-30,2019-03-18,4
Mario vs. Donkey Kong: Tipping Stars,WiiU,Puzzle,Nintendo,Nintendo Software Technology Corporation,6.4,0.02,0.0,0.02,0.0,0.0,2015-03-05,2019-01-15,4
Runner3,NS,Platform,Nicalis,Choice Provisions,7.5,0.02,0.02,0.0,0.0,0.0,2018-05-22,2019-03-18,4
Sniper Elite V2,WiiU,Shooter,505 Games,Rebellion Developments,7.0,0.02,0.0,0.0,0.02,0.0,2013-05-21,2018-03-13,4
Yoku's Island Express,XOne,Action,Villa Gorilla,Villa Gorilla,9.0,0.02,0.01,0.0,0.0,0.0,2018-06-19,2019-03-31,2
Yoku's Island Express,NS,Action,Villa Gorilla,Villa Gorilla,9.0,0.01,0.01,0.0,0.0,0.0,2018-06-19,2019-03-31,2
Yoku's Island Express,PS4,Action,Villa Gorilla,Villa Gorilla,9.0,0.01,0.01,0.0,0.0,0.0,2018-06-19,2019-03-31,2
Musynx,NS,Music,PM Studios,PM Studios,7.5,0.01,0.01,0.0,0.0,0.0,2018-06-19,2018-01-07,4
Happy Birthdays,NS,Misc,NIS America,Arc System Works,8.5,0.01,0.01,0.0,0.0,0.0,2018-06-05,2019-04-07,2
Flipping Death,NS,Adventure,Rising Star,Zoink Games,7.5,0.01,0.01,0.0,0.0,0.0,2018-10-16,2019-03-23,4
DiRT 4,PC,Racing,Deep Silver,Codemasters,9.2,0.01,0.0,0.0,0.01,0.0,2017-06-06,2018-02-11,2
Fast Racing Neo,WiiU,Racing,Shin'en,Shin'en,8.1,0.01,0.0,0.0,0.01,0.0,2015-12-10,2018-02-01,2
Legend of Kay Anniversary,NS,Action-Adventure,THQ Nordic,THQ Nordic,6.5,0.01,0.0,0.0,0.01,0.0,2018-05-29,2019-04-06,3
Hotel Transylvania 3: Monsters Overboard,NS,Action-Adventure,Outright Games,Torus Games,6.5,0.01,0.01,0.0,0.0,0.0,2018-07-10,2019-03-24,3
Undertale,PS4,Role-Playing,Toby Fox,Toby Fox,9.7,0.01,0.0,0.01,0.0,0.0,2017-08-15,2018-06-06,2
Dillon's Dead-Heat Breakers,3DS,Action,Nintendo,Nintendo,7.0,0.0,0.0,0.0,0.0,0.0,2018-04-26,2018-05-20,4
Gothic 3: Forsaken Gods,PC,Role-Playing,JoWood Productions,Trine Games,4.4,0.0,0.0,0.0,0.0,0.0,2008-11-20,2018-01-04,0
Gone Home,PC,Adventure,The Fullbright Company,The Fullbright Company,9.1,0.0,0.0,0.0,0.0,0.0,2013-08-15,2018-01-21,2
Back to the Future: The Game,PC,Adventure,Telltale Games,Telltale Games,8.1,0.0,0.0,0.0,0.0,0.0,2010-12-23,2018-04-23,2
Team Fortress 2,PC,Shooter,Valve,Valve Corporation,9.2,0.0,0.0,0.0,0.0,0.0,2008-04-08,2019-03-26,2
Medal of Honor: Allied Assault,PC,Shooter,Electronic Arts,"2015, Inc.",9.3,0.0,0.0,0.0,0.0,0.0,2002-01-20,2018-03-22,2
echoshift,PSP,Puzzle,Sony Computer Entertainment,JAPAN Studio / Artoon,7.5,0.0,0.0,0.0,0.0,0.0,2010-02-24,2018-09-17,4
Pokémon Rumble U,WiiU,Action,Nintendo,Ambrella,5.7,0.0,0.0,0.0,0.0,0.0,2013-08-29,2018-08-03,0
Teslagrad,WiiU,Platform,Rain Games,Rain Games,7.0,0.0,0.0,0.0,0.0,0.0,2014-09-11,2018-01-04,4
